ID,Product_Type,Raw_Material_Usage_kg,Energy_Consumption_kWh,Waste_Generated_kg,Transport_Distance_km,CO2_Emissions_kg,Column2,Manufacturing_Energy_kWh,Renewable_Energy_%,Cost_$,Column1,Delivery_Time_days,Sustainability_Score,Recyclability Score (0-1),Carbon Footprint (kg CO2)
1,Pharmaceutical,187.1024737,372.3455246,4.580996539,2708.230192,206.0725011,,195.0220972,77.31280096,4696.896464,,2,81.25,0,319
2,Food,117.3753049,82.4379512,31.49481997,605.9985435,794.0033594,,784.2067289,31.89912396,989.7217875,,4,37.55,1,628
3,Automotive,142.3636565,82.06552749,49.077714,945.366997,166.3729689,,775.0472638,16.86311767,1321.186084,,2,41.17,1,905
4,Food,185.2748824,55.44881386,10.31527484,2883.074057,653.1613262,,214.6102705,46.87720162,1464.672539,,1,56.79,0,47
5,Food,144.3753405,480.4256292,39.8371607,1552.152306,167.6537254,,309.5961874,13.99693549,381.5366554,,10,45.27,1,822
6,Apparel,38.98241815,381.8787618,45.4870409,4697.74707,117.0088557,,170.1084983,17.73802164,790.6501932,,13,45.58,0,403
7,Automotive,119.4947884,208.9631338,47.24137805,4111.827124,913.9580285,,290.2023192,25.35725724,4934.47963,,13,16.49,1,283
8,Automotive,125.2758588,183.4410116,48.04664462,4919.479312,230.622328,,671.1690526,42.50451749,1713.040339,,3,51.69,1,242
9,Automotive,90.58482755,207.3664534,26.5515223,1372.387111,830.1876468,,364.820925,40.32756526,753.4452336,,12,43.13,1,436
10,Food,149.9244048,398.594089,48.88808749,4851.645801,567.3993276,,161.877877,65.97843034,713.5580536,,8,54.98,0,672
11,Pharmaceutical,187.5297328,347.616775,38.10820015,2213.045962,123.9636936,,339.5578673,61.76322577,3653.407845,,6,64.61,0,548
12,Automotive,185.8580175,133.3380055,8.921900376,1802.842097,957.6757819,,786.968334,39.84228058,4301.929587,,12,39.02,0,68
13,Food,95.65948057,128.3492009,24.36810522,346.7126821,284.6131086,,540.7785167,33.35929453,1433.371038,,7,55.53,1,747
14,Apparel,31.51522871,94.27804237,36.19822759,358.5497635,866.6630781,,391.3126625,32.15281488,300.3656592,,2,35,1,744
15,Pharmaceutical,197.1198278,347.1362239,13.11967548,3490.855154,210.3695055,,216.5769594,64.17965611,1270.832089,,6,77.99,0,742
16,Apparel,169.3906364,393.967698,32.39014399,2343.852073,861.245738,,790.3237581,13.64506844,471.2753158,,14,27.09,1,365
17,Pharmaceutical,33.68590943,169.2708927,33.66342347,1209.955968,62.56737226,,674.5943065,10.89751547,696.2956958,,8,48.71,1,309
18,Food,184.9599577,59.42523246,8.972287447,3108.454501,536.1914337,,297.0341117,65.68810743,2271.238975,,8,68.63,0,413
19,Electronics,175.2803088,86.97725036,28.68918031,1339.004779,780.9704505,,149.048087,43.40024632,1303.60818,,4,44.19,1,747
20,Pharmaceutical,108.5792309,485.5370157,38.80971864,2930.395596,938.0557416,,139.6378902,19.1616797,2676.540217,,6,20.56,1,843
21,Apparel,122.3423328,182.9501499,25.44588756,1860.12286,913.7420294,,184.2647047,26.48961542,1416.770016,,14,32.82,0,235
22,Food,85.81051374,396.1504165,1.593052722,4135.40591,828.6436261,,506.5380085,75.27527672,4714.579045,,5,62.71,1,647
23,Pharmaceutical,20.40471138,331.098606,1.442884985,4121.411188,893.7817822,,750.1343948,70.16520829,4548.531046,,9,58.59,1,544
24,Electronics,73.68747591,221.8728378,18.49443785,2439.016951,239.2587015,,447.7203996,59.68495352,2920.669304,,8,69.43,0,979
25,Electronics,162.5421552,142.559268,46.38350935,1819.013636,319.9750809,,690.0618377,43.75576612,1901.235162,,2,49.92,0,553
26,Automotive,10.88008437,104.6238882,12.2051622,1876.543003,324.5200987,,412.1206339,46.42265383,2029.505034,,12,64.53,0,903
27,Automotive,73.36484262,326.7558356,32.08382075,4048.001176,408.2012345,,596.008482,78.26711747,2176.890959,,13,69.7,1,45
28,Apparel,85.65205178,398.5852013,11.88171766,1708.079466,423.6546369,,612.3109161,77.60393107,3692.380746,,7,73.95,1,260
29,Pharmaceutical,112.1051646,339.7569141,16.76182949,1124.390931,567.3275584,,221.7745941,25.06883321,2367.867178,,7,44.07,1,646
30,Pharmaceutical,184.7725671,288.63596,42.55406239,514.9728752,201.8857752,,352.8512413,66.77731964,4312.303743,,11,61.69,1,214
31,Automotive,75.80573893,68.87805054,36.71421067,2386.796292,706.6843306,,546.1115096,23.80698663,4731.654972,,14,26.55,1,196
32,Pharmaceutical,75.92110836,485.8199499,5.674564588,2462.447285,209.1882123,,149.4876257,24.94762345,1812.541536,,14,60.3,1,253
33,Pharmaceutical,150.1252371,409.4213862,22.00639903,4220.452681,344.793058,,353.0781314,57.32651239,2891.333511,,12,63.73,0,475
34,Electronics,95.92140877,181.7699165,2.429318419,1184.069613,528.1778741,,474.3596264,38.3500769,656.2713768,,1,61.05,0,160
35,Automotive,52.67491636,490.9866482,24.56361718,1966.857241,806.6185334,,797.3571451,75.2081085,1162.251429,,1,61.26,1,400
36,Food,95.96350807,320.8467153,33.45926657,4061.188121,752.4957716,,432.1734938,16.23068144,2184.63568,,12,27.79,1,393
37,Automotive,36.76283387,312.0901962,6.806628556,4135.755693,663.2576386,,671.23973,45.80679486,1189.773036,,4,57.9,0,79
38,Food,43.51352744,386.6329307,15.15536201,1984.594272,197.9845976,,402.4470995,74.29650713,4407.490356,,5,76.33,1,142
39,Electronics,104.6898768,415.2964046,20.49399465,2349.707714,569.6930783,,657.4735058,73.28795623,959.7740291,,4,69.44,1,46
40,Apparel,89.59583541,345.4153733,46.05702021,1586.100865,133.0741767,,516.7903611,20.95704494,2387.171943,,7,43.29,1,14
41,Pharmaceutical,183.8207212,107.6430859,49.66949576,4669.518904,408.495018,,720.6168091,35.66463901,3107.356354,,3,39.49,1,565
42,Electronics,78.85484083,202.2203777,3.200653651,681.3544521,442.8407038,,387.6597866,53.338498,3520.946759,,7,65.06,1,585
43,Pharmaceutical,120.3117866,467.6376381,38.28938825,4675.372173,87.82086747,,523.0130939,21.15764193,2038.732975,,13,48.55,1,307
44,Apparel,130.1302147,151.0770253,19.21447925,3450.945614,310.2886945,,541.0130764,77.76155204,4371.67553,,8,73.14,0,619
45,Apparel,12.48794675,217.4751607,20.23045113,2704.703548,957.8669939,,392.1680593,74.03245301,2927.931925,,6,54.33,0,569
46,Electronics,136.0721007,244.4345973,37.95898369,260.0293978,955.9509774,,201.0184306,21.68651253,2309.637346,,6,22.36,0,31
47,Apparel,43.82683371,247.7322454,46.00289518,2430.42134,384.7107015,,165.4915848,18.48088229,522.7550434,,8,38.25,1,788
48,Food,192.6033603,325.8228121,47.59550113,2097.965715,90.9451035,,111.6700854,15.9785938,2430.509449,,8,41.36,0,551
49,Apparel,38.24591827,474.384127,29.27900672,889.9721787,220.1401924,,711.473985,73.66105648,4139.532036,,7,70.24,0,826
50,Pharmaceutical,88.77858351,158.3117203,18.49893681,3316.407057,422.6069038,,265.5324386,23.55366669,3149.796887,,6,45.4,1,328
51,Pharmaceutical,26.21643693,104.6756193,39.58990521,4858.639446,950.3907131,,248.0547245,39.139945,4194.379778,,6,26.83,0,254
52,Pharmaceutical,199.4061079,138.8617204,13.29906778,2854.725174,184.1391104,,615.2247803,41.4195956,2571.256019,,10,64.72,0,630
53,Pharmaceutical,105.417052,449.1162051,28.63962741,3602.291055,775.3400515,,324.0112792,51.93077309,768.6161845,,11,49.71,0,751
54,Food,123.1231533,340.6148657,18.57034461,435.4072176,153.2484124,,454.2312847,15.02147406,265.47126,,13,54.95,1,949
55,Automotive,22.7445307,178.6580552,33.17492261,2146.56828,982.1946985,,213.7577457,25.87310322,1655.453824,,13,26.89,1,629
56,Electronics,152.4924894,417.1761225,12.77954673,670.1565773,412.5356742,,771.822005,75.20432708,3550.354263,,6,73.01,1,744
57,Pharmaceutical,49.88206269,437.6164984,10.38805434,3102.699594,786.472812,,696.10698,73.58870751,3993.247539,,8,61.06,0,782
58,Apparel,180.630315,430.9314524,45.99371525,4698.562575,375.4615287,,704.6527361,64.69034532,1619.613606,,1,59.44,0,473
59,Pharmaceutical,48.97653169,463.5169401,5.988380465,3342.710889,646.2854333,,384.741624,11.35808719,2579.13882,,5,38.74,0,411
60,Apparel,46.23066693,163.5084591,25.79193748,476.3349367,232.4152805,,633.6528496,32.89047379,2221.370741,,3,54.71,0,513
61,Apparel,16.94443689,389.7688679,11.82178637,1837.864404,188.7199683,,200.7133088,53.95711147,2170.509365,,12,72.25,0,96
62,Pharmaceutical,99.69271957,257.2427738,2.907568203,2798.250559,941.1609326,,106.0333018,29.26331482,1310.473823,,8,42.61,0,924
63,Food,117.3198153,428.8993488,2.764922096,2075.718005,921.764914,,113.9810528,73.67106865,854.5813041,,11,66.37,0,353
64,Apparel,22.48464149,377.8208047,9.585866833,4184.855651,893.0954932,,510.6212162,54.37226233,1144.10508,,6,54.27,0,855
65,Apparel,157.3502472,399.4013509,43.47174737,4091.887923,644.1617777,,418.7764337,15.03347021,465.5954584,,14,29.87,0,268
66,Pharmaceutical,96.1248786,345.272827,14.84145845,3097.971999,817.8548007,,462.6107442,73.63039122,1151.027561,,2,64.04,0,368
67,Apparel,109.6341512,129.8429463,47.57249936,1929.943931,115.5850901,,105.2241983,77.04366607,244.1643086,,13,75.54,1,573
68,Apparel,93.74492192,295.2621135,29.49949236,1351.148231,368.0495898,,395.8806338,15.43986929,3210.840323,,7,38.46,1,83
69,Pharmaceutical,86.14498157,493.1013828,22.3940953,618.7841592,348.0179685,,602.6477128,47.26521644,1718.601955,,7,60.8,1,243
70,Pharmaceutical,116.3316629,471.8246299,29.4243529,1838.998649,653.8630559,,409.8855914,31.23549975,4871.094615,,13,34.49,0,537
71,Electronics,39.49564673,69.42818111,26.31822088,2124.545334,388.1598848,,612.5534444,37.49873535,1129.841844,,5,54.32,0,311
72,Food,44.56634479,124.1666671,38.18003643,3411.532333,191.0814426,,263.1132751,22.57558526,1859.977137,,8,46.56,0,200
73,Food,173.739268,109.2779481,14.84230723,3324.983139,616.6437216,,669.1994031,50.46504714,1917.637561,,14,56.96,1,924
74,Apparel,189.7619378,376.6909595,18.29946919,443.5298842,823.6647246,,511.9018683,77.05855473,240.5671811,,5,66.02,1,241
75,Food,80.92877009,418.0033984,44.81062082,2036.770646,413.0173197,,247.5341696,45.21508202,4228.198175,,1,43.84,1,826
76,Apparel,61.4414879,146.0801148,47.37636914,990.7164494,175.6552793,,265.7043331,15.8040207,353.5734087,,9,42.97,1,616
77,Electronics,132.3599132,277.6337118,44.73535315,868.3822561,236.8537874,,539.6213252,53.40009334,4712.863207,,4,52.27,0,895
78,Pharmaceutical,87.65949251,428.3163626,21.5529517,4153.780534,275.6091399,,680.9577152,33.81560961,4481.956885,,13,51.05,1,163
79,Pharmaceutical,14.82340758,379.7606951,39.23790965,305.3845619,334.9027133,,390.9394474,69.91476327,2770.505197,,2,63.67,1,177
80,Pharmaceutical,39.6689935,294.0067425,24.34045093,2153.996092,660.655317,,280.8103004,40.42747038,2809.25876,,4,45.04,0,249
81,Food,146.0347235,315.6564607,25.37945276,924.1979133,620.8982103,,706.9081248,23.49877263,3338.13403,,14,36.29,1,623
82,Electronics,135.195549,278.7622461,11.02932534,4408.718057,711.2758685,,568.4878042,23.37739359,2057.840057,,13,41.82,1,302
83,Food,15.14823858,183.8968031,29.96538486,2829.498515,394.3768853,,413.6598411,63.81349265,3306.66696,,9,61.48,0,240
84,Food,52.17471077,304.2598968,10.12065899,1233.765118,832.7977693,,441.5301367,28.59113188,414.8882657,,2,44.43,1,960
85,Electronics,53.90421135,359.9983859,17.24667025,2561.893707,243.8832781,,242.9795276,63.70633759,459.4286113,,4,76.72,0,50
86,Electronics,137.6596213,442.9953121,42.89647988,3684.283163,495.5887101,,538.761841,24.41211175,2394.706014,,2,35.39,0,540
87,Electronics,13.74500217,336.3311093,11.14671465,4794.778244,810.8917855,,351.1197574,32.51804581,2838.187045,,5,41.8,1,613
88,Electronics,29.78063058,392.5046917,4.486755973,1180.185421,221.1507153,,796.9516237,42.58408807,4461.524674,,3,63.94,1,873
89,Pharmaceutical,161.9840562,122.0322357,4.381372038,4442.290683,154.3699581,,436.1284607,76.02370948,702.3710428,,10,90.22,1,133
90,Automotive,43.92348579,257.7008635,47.0984415,4678.090159,889.4997693,,440.1199243,75.22119973,4148.710051,,2,43.79,0,120
91,Automotive,134.0217605,54.19922892,25.83910146,4590.460668,375.7831796,,496.0962512,24.48103128,1208.227219,,14,48.21,0,987
92,Electronics,55.2547284,161.005489,21.06119152,3213.530349,699.6766187,,741.7292022,35.07533289,2091.601513,,9,43.94,1,15
93,Automotive,28.89386462,376.9077718,40.73305047,3186.121207,74.08117405,,660.5726699,20.45795719,1719.691687,,5,48.27,1,467
94,Automotive,56.20271629,496.3144781,41.95547047,2075.732103,705.544544,,415.7910489,45.69895555,2120.74531,,10,40.66,0,853
95,Electronics,147.2307171,94.63014481,17.27736062,3786.749623,350.296246,,603.0894862,42.24077855,922.3783907,,5,61.86,1,74
96,Automotive,172.5823289,230.6724421,34.98728482,2703.34069,102.9538109,,510.3648491,73.05321137,2617.136357,,1,74.21,0,244
97,Food,167.7417743,410.0319359,38.78501798,3419.446549,629.3221235,,444.6569341,75.10037645,4047.884431,,6,55.06,0,473
98,Apparel,85.46487063,141.8160356,33.07788366,2199.443729,278.7636253,,234.6210409,36.84971737,2319.36325,,13,52.19,0,38
99,Apparel,136.9361759,299.7882272,8.428158665,3684.332674,417.4668799,,424.7553844,44.42165601,2554.945164,,7,61.21,1,447
100,Electronics,48.94701613,379.8820832,43.91827109,4139.910436,126.5517717,,272.0730109,72.73653744,4274.084409,,1,66.46,1,515
101,Pharmaceutical,65.69806875,327.1934526,27.41563308,817.5376574,189.8050885,,740.3895049,66.46954654,3589.07895,,9,69.4,1,563
102,Electronics,180.3038055,134.6111306,14.84114889,4181.355606,333.0783737,,334.7847694,10.25594179,2554.181161,,8,44.09,0,226
103,Pharmaceutical,12.47036547,209.9230559,21.83618109,2747.453006,135.2715255,,766.5848102,32.40416949,1436.939111,,12,60.54,0,789
104,Apparel,26.24662086,402.706303,2.84098343,4238.862955,915.2849515,,473.1387031,39.52419694,4447.648385,,14,42.27,1,497
105,Electronics,49.49838848,299.4019314,7.26547326,2213.378361,55.74469102,,542.0810651,26.08013986,2969.697928,,14,62.52,1,403
106,Food,15.04111874,52.35332609,38.51179078,1957.298378,509.6672079,,480.0583111,23.97001311,1261.508529,,8,38.77,0,781
107,Automotive,44.47273267,392.445842,1.000570103,4583.797589,167.0850852,,190.5664319,12.64491546,1491.774813,,7,57.93,1,317
108,Pharmaceutical,120.7778966,65.89010972,21.4117256,1330.729411,342.295135,,363.0748533,55.03588075,4055.038827,,5,60.57,0,836
109,Automotive,90.07066461,385.5802022,26.60299887,4236.640394,929.7565818,,169.4022786,28.37572033,411.898698,,3,34.83,0,594
110,Automotive,179.6076251,141.1162521,3.67708658,2471.700805,203.6098256,,536.0678309,13.66430249,4962.042498,,12,49.33,0,526
111,Electronics,165.3142767,481.1330661,48.68082999,2619.067669,967.5407037,,412.8119366,26.16855174,825.6880626,,14,22.93,0,29
112,Automotive,74.94529682,215.5733381,12.08014123,1611.494579,245.5046581,,644.5894801,66.1339767,4021.128922,,9,72.83,1,76
113,Food,59.29045235,197.1192274,15.90573726,2907.906783,754.487803,,254.3293367,69.60424272,2094.921521,,14,61.62,0,89
114,Automotive,82.14155755,116.9996226,15.8931831,1693.534862,569.3434017,,215.1962409,43.81463716,2562.63768,,7,53.34,0,436
115,Electronics,122.1560391,187.521897,12.29041644,292.4201298,890.2547912,,384.4325617,39.12494693,4427.122772,,11,39.08,1,324
116,Food,60.93209176,444.4928428,1.072217282,1432.793166,576.2935927,,748.6097683,78.44975855,2181.97371,,10,77.14,1,422
117,Apparel,128.5882925,498.3504519,36.73789491,131.2573127,557.8312582,,597.2952705,24.03952617,2779.970018,,10,35.03,1,531
118,Automotive,87.78821392,215.7392887,48.37542949,4893.938457,235.6851003,,393.2465374,25.0751498,436.6383796,,8,45.24,1,75
119,Electronics,114.8889644,251.8747839,11.99038068,4832.161328,207.9178939,,462.0905188,30.43070239,211.2678746,,14,63.76,1,888
120,Apparel,92.86404054,374.9319222,33.4893124,2036.260958,920.6646936,,158.9491078,22.09301228,1375.03939,,6,27.28,0,477
121,Apparel,65.94849431,448.7881012,37.35292002,3669.017186,361.4462889,,789.2031275,36.55559187,3466.798846,,12,45.56,0,203
122,Pharmaceutical,190.2061283,316.8699504,42.57284358,1794.449882,403.4781422,,566.4851133,73.75839589,782.0714881,,14,66.18,1,361
123,Food,155.0851009,226.1865642,21.70883065,3388.35647,771.8324755,,299.7828479,53.07434884,746.0574023,,11,53.21,1,841
124,Automotive,36.6215034,235.6798284,15.84361438,4046.607211,371.8823083,,510.065876,38.8362584,2172.610919,,14,57.58,1,468
125,Electronics,175.0089154,363.0281659,16.93946157,4739.105599,954.4593243,,176.6376562,75.40875562,3309.617785,,5,55.68,1,416
126,Pharmaceutical,102.6119277,51.44821862,35.91844532,2061.040152,751.0313805,,776.0856682,13.39249627,3617.945563,,8,22.56,1,391
127,Food,179.9649231,328.8152019,41.02219386,3938.160116,617.5577804,,222.3494915,24.71933245,1056.563236,,3,35.31,1,660
128,Pharmaceutical,161.9724986,209.9718547,9.89908442,1403.049408,886.8504025,,553.6212226,49.61220236,582.0231074,,12,53.08,0,270
129,Food,90.79056585,407.3887991,19.1761094,4952.628289,97.12561293,,271.8181238,53.08868362,4713.905763,,13,66.53,1,729
130,Food,14.26916858,91.84578792,45.19506964,226.2710339,294.2095576,,602.2929679,12.76902546,1451.198636,,13,36.58,1,54
131,Automotive,61.04869828,314.6910201,40.52798247,3057.291152,491.7845175,,643.7749571,38.21271305,4296.063189,,7,39.55,0,469
132,Food,112.9105008,266.4378004,49.25806174,3331.57931,265.6296125,,571.3938102,55.44077754,4344.758962,,2,51.36,1,451
133,Pharmaceutical,130.3608618,339.0464867,37.95816472,3471.42323,756.7099279,,530.1496222,58.86493825,3908.10844,,3,43.73,1,723
134,Food,58.99866023,79.18411752,20.26656485,689.8991361,923.2476295,,724.7283658,54.66979318,1010.401312,,13,49.51,1,463
135,Automotive,36.47765407,310.9927043,29.94125387,4698.795939,452.5816139,,155.0386977,32.43942571,4144.647004,,12,42.38,1,705
136,Automotive,168.636745,302.6680646,33.38969846,987.7980673,375.0259701,,331.640336,16.54640865,3892.402684,,2,35.88,0,260
137,Pharmaceutical,197.0364143,302.2970425,4.844335,3151.491676,963.4731955,,273.8012357,39.89787125,3064.270353,,5,42.98,0,422
138,Apparel,109.8811346,321.56945,27.680351,1191.112788,472.6098112,,791.6097734,19.01281062,1818.569769,,7,40.62,0,164
139,Apparel,42.61906431,354.4105718,35.7567206,1605.360443,514.5959804,,372.5728458,76.3336561,1460.0413,,11,65.51,0,355
140,Food,61.73839204,412.2450499,9.198743896,2777.646854,384.0673787,,612.8288895,43.26196062,785.068218,,10,64.86,0,201
141,Electronics,13.49422854,171.4193241,39.25095415,2144.247751,914.0710494,,579.3076147,32.2081422,2646.833921,,11,27.69,0,153
142,Food,183.7167732,421.2722346,29.60486625,885.1054448,590.5077091,,248.4568662,63.64128498,3009.252202,,11,56.24,0,363
143,Pharmaceutical,32.37270575,274.215057,47.6588675,937.5883719,774.0658578,,267.2983761,44.85640148,1924.827154,,11,36.29,0,54
144,Pharmaceutical,119.5381303,84.67622561,3.078692612,2148.909462,821.2163824,,296.8991945,31.70238168,2481.723525,,10,45.02,0,572
145,Pharmaceutical,62.07049193,76.34791816,14.00098074,3810.686594,374.7565898,,387.7890948,66.83774197,1944.869395,,13,72.69,0,635
146,Pharmaceutical,115.2938205,200.4072434,30.47614009,4500.02677,462.0096148,,264.027546,70.70065057,3276.829075,,14,62.75,1,777
147,Pharmaceutical,133.7698738,403.2036397,15.5314357,512.2255451,856.0481857,,113.7560379,57.11057164,4526.044197,,1,47.61,0,171
148,Automotive,167.6509427,368.4564206,36.00678404,2026.209147,395.0925841,,715.5751398,13.28750957,986.8172578,,13,38.41,1,67
149,Apparel,49.22004163,404.8767341,38.19125884,591.2032622,804.2383768,,775.926882,49.64260161,2030.762288,,10,41.36,0,492
150,Pharmaceutical,12.08920745,282.7710754,6.023282239,181.3031551,943.9427064,,339.0992709,63.43064384,876.169299,,9,59.24,1,544
151,Electronics,36.00826971,248.0895491,26.17886875,3342.421545,642.0498544,,336.9548156,19.55521085,3199.730098,,1,33.65,1,854
152,Electronics,181.003542,116.353637,25.93563722,3052.002266,754.5459231,,104.9642689,26.0069526,3698.578446,,1,32.6,1,414
153,Electronics,176.0391147,197.6867391,19.09475774,898.7936577,814.8424464,,576.1754818,71.77465735,4673.181116,,14,54.46,1,615
154,Electronics,123.5084894,245.3087148,46.71331827,1245.682882,852.7876665,,677.807927,11.40852053,1538.585246,,12,18.36,0,566
155,Automotive,124.0982035,89.87019336,41.54780967,216.1679929,425.300671,,202.6258103,62.69089965,4761.013788,,10,52.45,0,487
156,Electronics,136.3569682,149.2753787,35.16325971,4191.241308,98.70028622,,211.7664446,43.16413048,503.6608247,,8,63.55,1,307
157,Pharmaceutical,43.32054294,319.2013823,36.00200515,4875.983921,431.7824577,,653.058275,41.27405112,3094.466544,,6,47.09,1,377
158,Food,183.7382697,381.0484014,23.62409105,763.7517303,690.0684183,,531.4035238,10.49675727,474.2370528,,6,34.15,0,552
159,Electronics,89.56639973,499.2563801,46.12873153,1234.228547,477.8328665,,131.4023903,67.35787617,4490.116101,,12,51.91,0,472
160,Automotive,82.79632037,469.9009991,35.03517594,4355.206667,761.5149933,,535.7828933,35.18774304,2743.083474,,9,35.25,1,98
161,Automotive,108.594364,339.1543398,36.72007202,4639.67261,389.133308,,316.242406,47.85359419,3412.872084,,4,50.74,0,739
162,Electronics,18.92353369,239.561624,43.22285429,2156.174176,653.006934,,358.1076088,57.41104804,4191.554844,,8,43.44,1,66
163,Food,41.59384006,336.2798141,14.42950788,348.0501141,227.0988146,,638.8119928,59.18407035,921.4909879,,4,75.16,0,448
164,Electronics,150.2263871,403.5432281,40.54647429,293.0199851,761.9009648,,667.6546349,76.91860412,385.2394973,,14,58.61,1,831
165,Automotive,25.73174691,103.2512859,10.56678954,2912.354344,568.4111704,,380.2496388,47.19379673,4418.6295,,2,53.48,0,640
166,Apparel,124.5989008,234.4572004,17.92175566,2025.186034,243.8611691,,763.0070552,37.98036857,1711.679492,,11,61.08,0,294
167,Pharmaceutical,56.61633084,427.9110285,17.44491226,240.3968951,327.3156148,,384.5239026,76.75925385,819.0987581,,8,79.94,0,314
168,Automotive,83.96616667,222.7248284,48.94774795,2957.936722,761.1782732,,640.2852247,54.94771645,2448.613938,,12,40.16,0,525
169,Electronics,64.85180999,307.3425221,42.97032396,155.3824293,508.4711739,,438.7140852,30.87052494,3071.869163,,7,36.85,0,716
170,Pharmaceutical,77.57781613,314.4962124,35.35732322,3958.122595,255.2298684,,728.2726286,18.85249718,348.6588964,,4,46.93,1,883
171,Electronics,146.618722,133.0143139,36.62578132,1601.520831,968.9076309,,735.4328706,68.9788151,1519.49916,,9,47.73,1,390
172,Electronics,66.45312597,213.0059487,28.54156693,297.2642147,729.3687688,,161.1917655,35.3527122,357.4393965,,9,43.66,1,801
173,Apparel,117.6168817,200.5300799,47.40744269,2982.925883,959.2780909,,755.5453319,56.2328805,2217.609868,,8,35.94,0,720
174,Pharmaceutical,100.4495764,61.78851884,25.31667889,2048.653631,455.7497931,,677.8743891,42.95714936,4496.48014,,14,48.69,1,538
175,Pharmaceutical,136.0975214,60.88629375,19.64536778,4871.622025,501.3453237,,653.9175,23.92508459,4916.731575,,1,39.23,0,786
176,Apparel,187.9976505,424.2636697,8.98873151,2766.573446,903.0574554,,240.6379378,52.1180626,3257.828257,,7,48.86,0,529
177,Automotive,149.1886985,172.8818645,39.52407696,1448.671987,548.7968732,,663.5834461,14.24781483,975.8609302,,5,32.9,1,81
178,Electronics,50.83867193,283.1354448,36.98775267,3576.250437,721.9149663,,695.0929143,38.93397219,4548.077072,,7,33.92,1,747
179,Food,15.92479566,184.4265081,19.83339689,1430.310812,289.5642336,,302.4052341,48.26304578,2677.989551,,12,62.16,1,81
180,Electronics,59.83016842,473.3056603,2.234477284,4530.792128,474.3901453,,766.5820549,40.52328819,937.9966981,,9,63.26,0,576
181,Electronics,123.0648068,166.6835415,42.11086906,1936.137655,167.2773725,,134.9021025,62.40705227,4624.288013,,2,60.09,1,254
182,Automotive,19.77090456,243.3455657,1.559481189,2794.355958,245.6810341,,204.9364773,67.95474682,3835.851443,,13,78.31,1,826
183,Electronics,104.309587,442.7286127,35.4812892,347.8082087,50.8962445,,476.3067966,63.98701518,3712.185309,,14,68.85,1,300
184,Apparel,123.4001413,428.8701051,48.54259838,2187.994066,87.30179907,,503.0547298,12.71690635,3604.067378,,11,37.11,1,755
185,Apparel,73.50633926,133.745638,22.44540508,4178.581344,978.419632,,551.6050583,23.58901393,1161.631141,,4,31.14,0,423
186,Pharmaceutical,156.4733187,411.1894894,12.51369684,4047.679146,280.2360104,,111.8783905,47.56252565,1212.83212,,4,67.94,1,356
187,Food,30.2536681,256.184099,35.53867949,1199.160938,680.145174,,772.2567422,75.43754283,3503.806392,,2,56.09,1,658
188,Electronics,24.27617853,267.3359924,41.03927896,1207.787448,847.1447139,,131.2116649,68.44697425,1254.669201,,3,49.88,0,34
189,Electronics,148.3558637,110.0659876,27.77508549,4104.79603,573.1274363,,200.1433669,68.97741558,2305.624145,,11,61.57,0,511
190,Automotive,104.1433501,86.27068119,48.38472849,4658.952259,195.4872751,,109.8101623,31.22457356,3953.608763,,14,42.49,1,120
191,Apparel,140.7964553,377.5726881,3.531767361,567.2685142,741.7106155,,496.8009033,40.0613528,3962.972087,,14,48.44,1,99
192,Food,92.61719433,273.4075186,25.73498432,2305.287333,620.2388396,,752.5868187,42.94941631,2375.656508,,13,47.82,0,985
193,Pharmaceutical,56.81638632,246.5828162,36.20424342,1753.525967,744.6880599,,566.1630163,21.01601083,4002.511704,,8,25.68,1,673
194,Apparel,165.6294404,378.2787029,43.26938309,4366.373432,781.2592917,,675.8602279,12.17476912,4225.384622,,12,16.89,0,426
195,Pharmaceutical,161.889017,394.4808045,9.783524983,509.2720819,976.6398493,,109.2968424,76.28320296,3342.923606,,9,58.24,0,776
196,Automotive,141.9923295,121.5086755,40.20017061,1134.517119,594.885116,,479.4107089,26.849881,1296.444091,,6,36.91,0,570
197,Automotive,61.70757607,324.6013173,28.08264671,3787.094854,374.5590571,,421.6940843,26.79642326,1515.256546,,10,47.9,1,334
198,Electronics,122.1438267,110.909337,20.43113042,351.33986,666.0413291,,449.277561,15.83653376,1711.237546,,2,36.34,1,961
199,Food,78.58504042,388.1187887,7.4540364,2513.423366,115.0186738,,150.5492297,74.99554264,760.6597171,,2,89.54,1,524
200,Pharmaceutical,27.40059393,345.6298203,43.39949219,2266.32447,902.5274524,,579.1047527,50.58159805,1511.166178,,7,37.83,1,227
201,Apparel,184.2895793,480.4765795,8.706387201,1738.565777,163.4119608,,452.2542904,56.69258,1205.692277,,8,77.55,1,841
202,Automotive,35.99553987,81.03110736,16.1796051,2033.404345,361.450696,,635.6041949,73.81038211,2385.577999,,8,74.82,1,561
203,Electronics,190.5450972,75.67462452,15.21223107,2696.708876,824.9581116,,439.7034438,34.19341182,4560.50023,,14,37.14,1,542
204,Electronics,94.74109686,176.9841836,43.69928768,890.7000561,617.4467594,,204.5671454,53.50551178,701.5055204,,6,49.35,0,396
205,Pharmaceutical,45.17525648,167.7675577,33.96244672,2902.779804,423.9537443,,553.7798679,12.71596183,3657.286035,,10,32.74,1,91
206,Automotive,112.96118,161.1404596,40.03738846,4046.618414,499.7638764,,220.6704535,23.07407698,3498.958421,,8,33.53,1,953
207,Food,175.8597088,457.8145612,13.27292704,3824.788556,861.8200235,,710.6761943,68.18720636,659.6201536,,14,61.61,0,222
208,Automotive,149.1227284,162.2957899,31.61883088,854.109533,373.0041668,,529.1813673,63.67378494,4628.347544,,1,58.74,1,907
209,Pharmaceutical,163.2466181,172.3773768,29.01555317,831.3224017,876.1672006,,210.0427185,34.5449884,2928.66657,,9,33.52,0,419
210,Pharmaceutical,135.1688397,391.7292181,41.80868846,1414.054402,133.7277094,,773.6366402,36.37674394,1945.882501,,13,53.56,0,59
211,Automotive,141.5325473,252.3829291,45.39826596,1869.266159,787.9585153,,462.8558243,47.34881035,3831.385201,,12,34.21,1,463
212,Pharmaceutical,171.3471738,399.5197506,1.595681802,2101.432349,855.1702514,,151.0289163,10.01687033,1435.3542,,1,35.84,1,953
213,Automotive,57.43692168,79.4147709,34.02697603,3430.516362,222.7267702,,538.7830331,26.88710352,3528.847218,,13,46.09,1,355
214,Apparel,102.9907431,269.4070372,3.539954157,377.7341176,458.8292058,,277.2392349,24.5762266,390.6137963,,3,56.33,0,781
215,Automotive,52.02979395,65.12612008,27.89407459,269.8962507,207.2247859,,662.5854163,27.53380627,4229.158581,,12,47.93,0,494
216,Automotive,197.6569215,78.19394155,15.09400372,2020.361758,721.2739225,,672.4754515,66.41340898,2351.220066,,9,60.83,1,282
217,Pharmaceutical,189.3712745,457.896854,16.03205338,3516.102091,558.5803797,,785.2631491,29.57716996,3256.125989,,11,45.11,0,715
218,Pharmaceutical,17.49109416,112.660417,18.29496667,1047.83318,653.5571794,,451.3086717,23.40649254,1261.941535,,5,42.25,0,311
219,Electronics,144.0592828,289.589307,31.44333,3243.371958,236.6626186,,418.4698158,45.29844226,3449.953821,,9,56.07,1,233
220,Electronics,185.7971803,234.9930212,17.36844832,1373.157876,251.1585689,,627.4329238,70.59515255,3906.753324,,9,73,1,414
221,Apparel,44.30931557,206.3044968,36.90225348,4441.821933,89.42245923,,192.7294594,26.89447927,2471.423297,,6,51.06,0,821
222,Electronics,117.9095938,454.9250056,20.82184189,4488.880727,355.9641584,,482.8408597,15.497537,3165.089235,,11,42.41,1,496
223,Automotive,183.9427765,59.82052855,4.349306815,1556.707301,581.7574283,,482.3733201,34.94833151,2390.364434,,1,53.5,0,850
224,Pharmaceutical,16.44973593,348.7053588,39.40423228,1226.969394,865.0381683,,162.631186,62.33562772,4491.638572,,10,40.47,1,895
225,Electronics,142.5098508,483.5274954,15.00215791,2115.389463,683.5810751,,392.5888599,48.54833813,2589.772066,,7,52.59,1,321
226,Electronics,66.4963114,302.0756826,22.2055771,1278.604767,463.6265072,,697.299359,67.17553587,4240.681803,,14,62.32,0,439
227,Apparel,185.6352771,471.5701079,34.58675028,3394.680832,955.4641087,,699.3075354,77.17145033,4046.48988,,6,47.99,0,128
228,Apparel,194.5010666,73.51604568,17.2903517,4147.716954,733.2829405,,169.4663654,65.48637337,2170.423142,,9,59.49,1,13
229,Automotive,189.4106329,238.4569936,3.772697151,3398.151441,933.6569427,,163.5046179,52.26621552,1304.405561,,7,54.01,1,448
230,Pharmaceutical,100.1007012,167.0710059,19.3221313,4139.317192,551.2085746,,283.8868339,44.53391116,2149.194236,,14,53.7,0,191
231,Apparel,173.7881037,378.8694342,47.27798055,2045.261595,295.9590611,,712.3362438,12.80483604,4165.843404,,12,30.28,1,263
232,Electronics,170.4643857,491.5836907,32.44498547,865.9531565,100.185352,,190.2318096,78.90253852,1292.636172,,11,80.88,0,880
233,Pharmaceutical,70.62908992,165.4385281,33.90247828,3715.959642,739.7806089,,603.9977618,36.84367858,2717.29446,,12,37.23,0,459
234,Pharmaceutical,167.4939401,344.3785707,31.98182553,1866.325075,165.2378481,,170.8159337,20.65597497,4069.26439,,13,44.44,0,596
235,Electronics,17.0314506,139.1439347,10.75061481,3389.227044,337.6363719,,536.1964976,56.66961988,1896.691881,,4,70.11,0,366
236,Apparel,123.2912769,304.3986146,21.49835934,1426.155316,555.8473625,,349.2471094,29.90018024,3282.606258,,7,43.11,0,627
237,Electronics,53.70167908,258.769619,37.79605012,498.0252106,586.1957584,,652.2397741,51.00447897,1379.031555,,2,50.04,0,569
238,Pharmaceutical,32.9077083,487.4023983,5.96727198,4963.650798,620.5540371,,263.5833142,51.07375355,724.5413378,,6,63.08,1,220
239,Food,24.62110831,323.8372727,14.61478603,865.3873889,207.9425638,,547.4412806,41.20108746,4013.04428,,6,60.49,1,425
240,Food,142.2948674,207.2778674,14.53963631,4943.26287,410.7505346,,264.9777742,68.52830309,675.0493924,,2,74.78,1,854
241,Automotive,74.57624312,101.3431032,22.16892745,4888.67167,636.3345158,,599.5621982,28.54769431,1502.630696,,14,43.31,1,508
242,Electronics,147.7056866,118.0610729,49.03806831,3989.708709,971.3279214,,711.5746242,41.40428141,4304.525226,,4,23.34,1,500
243,Electronics,22.41770475,151.3926185,4.307624788,3331.172514,741.2495808,,188.7612594,47.638449,1863.052578,,8,56.13,1,147
244,Automotive,69.90516419,162.9349976,26.41634872,2931.254546,926.4735692,,706.616982,56.45373045,4870.617678,,8,40.12,0,227
245,Automotive,112.5033456,432.777226,9.788869419,4343.897572,774.1014554,,515.5026781,64.87802954,4902.724807,,13,55.49,0,242
246,Automotive,160.2374013,302.5502547,48.56315073,1518.253656,612.1311204,,188.9773436,37.6365098,1487.724898,,8,38.05,1,812
247,Pharmaceutical,70.56297556,285.5259101,6.551871732,2391.637941,232.4222007,,399.2792988,55.22328609,396.6954668,,8,77.22,1,775
248,Electronics,128.9193615,101.6459923,20.77644912,3135.01085,683.3513693,,212.6022054,20.54276671,3584.303764,,1,34.29,0,562
249,Pharmaceutical,178.3357722,437.062862,37.15636426,2114.833332,642.2105877,,590.2435222,75.28536704,2364.735213,,2,58.78,0,707
250,Automotive,127.0140058,375.2664364,35.52316697,2194.683625,622.3457119,,631.2076941,36.81411645,683.613651,,12,44.16,1,370
251,Electronics,54.2623002,80.45076286,21.71370321,1718.394871,515.2965746,,174.0575642,61.06649954,3596.109531,,4,59.2,0,923
252,Pharmaceutical,14.6361485,368.5257938,17.97968423,2864.735902,552.2237738,,454.2978969,11.42387573,349.6395637,,12,41.25,0,936
253,Pharmaceutical,175.318786,294.5921978,20.48300655,4267.815187,367.7204008,,670.2375392,24.3631,4376.944114,,9,44.2,1,551
254,Automotive,14.04118806,86.77640559,13.94953689,1087.489052,543.347058,,755.3141291,44.0957781,865.5321397,,3,58.44,1,109
255,Electronics,176.1933178,256.2352887,11.061314,4678.72189,237.6781104,,459.4625067,71.47767274,811.097018,,14,82.56,1,437
256,Automotive,110.4980555,268.1133292,24.66894518,3476.529503,814.9156775,,765.1954565,46.9078605,1043.22703,,6,47.05,1,466
257,Electronics,188.4228627,124.5985431,14.15815405,4134.038742,226.488107,,474.9822793,75.09093376,4809.278521,,7,75.47,0,851
258,Food,161.7688148,475.5641662,15.08562158,2825.334394,130.7179754,,375.9333462,43.86578276,3527.212929,,8,64.92,0,552
259,Apparel,199.607481,432.4889172,33.18104711,3919.631837,464.433725,,693.74219,44.33143677,4046.58337,,13,46.87,1,512
260,Apparel,76.63524494,351.0600518,48.45832925,179.381947,675.3920675,,445.0878973,18.3822752,2108.647932,,7,25.33,0,974
261,Apparel,155.7657749,258.0330025,30.57822283,4110.064081,465.8309837,,430.3317574,66.18593709,1814.301092,,3,63.26,1,212
262,Automotive,86.36687359,235.2944937,4.771993886,296.6804095,312.9164254,,443.2187426,27.28757887,1325.523233,,6,59.7,0,1
263,Food,101.1763679,342.9380602,4.703597079,4460.575544,580.2626247,,692.7495013,72.97287426,2507.110536,,5,72.18,1,509
264,Electronics,129.226038,295.4443412,47.61973782,4960.617461,379.6522186,,682.3590792,73.75769542,2848.777921,,13,60.74,0,740
265,Pharmaceutical,175.9986517,78.02289765,15.56724873,1540.930565,936.2243056,,382.4639947,76.03170783,3232.51925,,12,57.24,1,72
266,Electronics,196.9758591,280.6261919,5.511282318,1130.560926,926.5128826,,333.3099019,46.41613424,1434.168819,,10,50.34,1,489
267,Pharmaceutical,155.9719486,412.8816278,30.35318477,3850.280483,527.253229,,444.3496168,57.39656493,4753.539588,,4,51.23,0,778
268,Electronics,89.37568861,256.6579449,31.55879014,1339.829071,361.4897943,,500.9407568,64.4961116,1014.840791,,1,66.75,1,639
269,Food,90.05783043,73.3804599,32.77673619,4341.255678,750.2757933,,266.8360474,19.17102331,4835.135239,,14,24.3,0,257
270,Pharmaceutical,150.1406373,403.8251897,14.10269937,603.9287016,84.87729631,,655.7685593,52.06700365,271.309388,,13,77.3,1,601
271,Automotive,55.3676577,140.613702,1.740423527,717.1804623,501.0305557,,440.537936,12.40085309,2509.403321,,7,45.45,0,150
272,Electronics,30.99008149,166.3793757,48.2857531,4897.84262,369.5072246,,333.8318839,44.82962584,1800.165623,,8,48.41,1,379
273,Electronics,77.37820995,124.117859,13.29375924,3401.810602,924.5090908,,174.7746951,20.83898771,2355.792387,,2,32.66,1,880
274,Pharmaceutical,64.57540841,198.5967792,34.12528811,4249.7474,61.40287591,,267.1916123,22.80460482,2939.189979,,7,50.03,0,718
275,Automotive,66.29854289,390.5381776,35.62486362,1689.213949,575.1741319,,764.4968202,35.55332967,2290.827958,,6,41.69,0,857
276,Automotive,54.3854727,283.7236368,30.89036344,3414.770373,753.630402,,313.5697808,40.27060167,2191.264881,,5,40.79,1,685
277,Food,17.99770603,142.1965734,16.33246232,3011.784954,510.7670881,,218.2015026,53.62206972,3717.072394,,13,57.52,1,437
278,Automotive,13.3960476,445.0235352,14.28371643,3055.435589,131.1328787,,422.4709542,15.20998929,3492.20612,,4,50.97,1,902
279,Automotive,197.667254,445.8118347,30.28574585,3444.409052,973.8383205,,314.9614204,45.25842329,4199.702154,,2,32.9,0,729
280,Automotive,91.27689541,441.7602913,43.43868605,2919.259948,542.1099098,,124.6114752,22.78375912,1399.80311,,10,34.95,0,677
281,Apparel,83.02206296,157.4582951,47.38995272,2202.40561,633.4769321,,326.2016521,50.17826225,3125.736847,,6,40.88,0,242
282,Food,139.1329837,253.0577049,6.189384416,1452.021202,274.7792936,,480.8760368,54.61832286,3008.93497,,5,70.57,1,519
283,Electronics,51.46823869,493.2453453,8.586602017,3866.048521,509.3231809,,486.1986604,48.96964796,1974.741492,,2,61.82,1,51
284,Pharmaceutical,190.492625,397.4056143,47.29207668,1208.734907,457.6920174,,349.5912448,61.68068573,2533.076201,,10,53.13,0,219
285,Electronics,159.4055527,62.22533955,37.09022619,3492.5361,121.1510499,,413.1119294,33.4926471,1706.154288,,7,54.86,1,997
286,Food,26.98809044,79.34206607,44.26669742,1243.330831,150.8523359,,775.8625428,63.55746141,880.8531086,,6,67.78,1,770
287,Pharmaceutical,89.3403474,258.7691196,10.92899907,3164.117833,845.5988936,,364.1439341,40.29369572,1226.245811,,12,47.95,0,694
288,Food,177.0324784,459.1490926,29.79170768,3760.683509,277.8289546,,280.7587693,43.89291488,706.4655027,,11,60.28,1,318
289,Automotive,189.4990842,292.4158091,35.35584013,1171.698056,235.2103579,,270.4269308,55.36714891,3478.733961,,9,59.53,0,156
290,Pharmaceutical,98.80628714,274.0156286,34.32548239,393.7221742,529.6658787,,420.4352289,11.28508688,3371.491487,,11,29.28,1,144
291,Automotive,126.548164,97.46316498,20.99943285,741.7713407,780.3097748,,631.6641041,55.7795955,4762.910584,,10,46.55,0,919
292,Electronics,41.73644976,345.5510471,1.754349693,3069.38514,108.8491927,,244.1917289,53.30096044,3702.456386,,5,75.28,1,687
293,Electronics,198.322039,419.9464223,29.56337678,4262.287391,597.9675237,,596.507289,31.68929817,449.820026,,9,45.18,0,445
294,Pharmaceutical,54.01762326,221.1890034,13.40197542,320.4844241,163.2499207,,114.8048763,16.00559994,4444.376835,,9,48.86,0,753
295,Pharmaceutical,189.1190371,399.0253329,23.06245806,3697.341169,84.63799828,,393.2530846,16.36548149,4340.840782,,13,47.74,1,668
296,Food,133.4328633,484.0144943,47.92146974,1772.461365,100.1067546,,643.1055456,74.62566229,2327.93754,,1,70.49,1,376
297,Food,125.469991,141.6949066,20.55273056,2444.789013,842.4559028,,337.113069,58.24955249,3012.142643,,5,49.61,1,380
298,Automotive,107.4108171,285.498334,42.15027873,4651.411794,162.0738594,,494.615971,18.89718296,4885.175996,,9,37.96,1,761
299,Pharmaceutical,53.82726423,179.2120811,10.23848968,1726.660373,92.89379619,,243.485463,34.97062185,2755.060946,,7,65.09,1,825
300,Electronics,43.54032608,406.7844886,33.9505644,2380.150976,466.0048928,,619.3967738,51.47380957,4545.544776,,6,49.09,1,172
301,Food,51.89237972,309.9170146,48.87334077,167.0438323,851.7937983,,136.5953723,68.49001936,598.5860375,,6,47.94,1,674
302,Food,45.42326981,335.5620879,5.992761943,499.833728,299.2879577,,696.7798514,13.05626501,1117.04897,,11,52.92,1,439
303,Electronics,158.12105,409.0613718,1.407677169,1367.098797,450.6269866,,238.7374705,26.5643192,2315.623729,,7,54.57,1,566
304,Food,76.52379924,228.1867127,22.24555684,236.47598,87.92640594,,712.0786222,72.28242932,3006.83268,,1,78.59,1,661
305,Automotive,20.99010855,461.7905308,5.53864867,3193.739098,476.6245884,,346.7704689,10.64158851,4117.893689,,4,40.57,0,654
306,Pharmaceutical,194.1294997,289.8629903,37.67083313,2189.351948,598.7324266,,605.8785021,24.0979372,4943.658153,,13,29.13,0,28
307,Electronics,177.9193181,121.0796703,45.81288453,2785.911493,592.3617011,,323.4577085,77.13169232,2066.487183,,1,58.34,0,719
308,Pharmaceutical,186.2729338,363.1546032,22.26702766,955.7712109,365.8053576,,734.1381699,52.93812926,427.5950535,,6,65.73,1,595
309,Food,199.0324863,406.9676077,13.67687047,1550.066944,349.7565216,,188.6459879,28.31699566,4045.623216,,14,50.1,1,835
310,Food,43.04009735,192.5427547,22.28576263,3352.739927,151.292438,,224.9638525,14.68937661,3101.027452,,13,47.69,1,471
311,Electronics,85.28598359,435.7306656,36.44894307,4829.983346,398.4584046,,445.1210876,11.97339383,1153.005723,,4,37.15,1,867
312,Automotive,154.0653104,457.7644646,1.443653917,347.0421907,144.5199354,,157.3569073,27.13215557,2575.176592,,1,63.5,1,599
313,Apparel,142.2439174,174.6070193,29.88324548,4462.883172,778.2661475,,237.1861293,71.70400737,3763.089179,,9,53.02,1,859
314,Electronics,39.2402222,492.5846627,31.05129256,2926.717886,967.9605829,,760.6364675,39.1139558,3897.976578,,12,30.3,0,775
315,Apparel,165.0082937,113.3201876,32.2467241,2863.205877,971.5707338,,783.5427628,60.42333584,2598.168378,,4,42.97,1,388
316,Apparel,52.64370865,140.9070508,12.85908192,2551.364823,871.8175444,,363.3815305,74.27995248,1665.029745,,12,62.51,1,557
317,Automotive,52.52534682,132.9011777,35.98858345,440.0310209,620.7525419,,746.3002147,38.56283231,4873.964394,,6,36.52,0,92
318,Apparel,112.0251403,452.2953695,5.47818283,540.3965735,715.8224124,,481.377273,23.38941597,3384.140533,,13,41.26,0,536
319,Apparel,122.6585876,344.4316485,10.76424649,3044.468828,320.9455125,,288.8197261,46.19825516,2159.540093,,7,64.85,1,819
320,Automotive,120.2163795,118.4469275,43.99603229,1770.697,649.2318992,,591.6791048,73.56585809,1546.223476,,8,56.62,0,467
321,Apparel,27.38249911,248.1455383,37.19743439,4594.613526,482.867072,,561.2312646,66.30620899,3709.294318,,12,56.37,0,508
322,Apparel,176.7175639,326.8841113,1.673532147,2092.293633,507.9164728,,792.3877234,14.60808904,1362.480539,,13,48.67,1,532
323,Apparel,60.46400809,87.55883825,13.17043676,802.0791476,769.8877324,,285.5331012,58.48009601,1024.207947,,11,58.83,0,662
324,Electronics,34.60783504,447.0873658,11.50591767,3602.122284,317.8224378,,570.4416519,50.03282657,2743.202667,,9,65.39,1,103
325,Electronics,178.8621352,411.6215909,14.26951007,1537.431765,352.1376311,,136.4166285,73.52242234,1591.939485,,9,77.31,1,146
326,Electronics,191.5737847,277.3430481,13.13042874,2674.804506,928.4097016,,179.5522271,18.57369918,3218.744696,,8,29.74,1,245
327,Automotive,173.8042473,485.2069769,4.063788491,3519.380649,103.4130801,,102.7428625,47.38252792,766.1056394,,10,77.43,1,181
328,Food,163.8080542,237.9924407,23.48808531,4511.294145,511.3525835,,799.6224767,71.56238855,3343.717302,,11,64.36,0,285
329,Apparel,134.4959763,492.8496436,36.90394026,3981.736855,917.1607604,,661.591588,38.70166507,1559.823334,,12,33.95,1,796
330,Apparel,114.6629004,350.5639995,30.72985451,3414.169233,629.8448574,,650.7061103,43.73964424,201.1660853,,12,50.28,1,128
331,Automotive,26.52748438,335.602073,33.97071176,3430.202594,569.0867205,,456.8082527,14.93224744,809.2930768,,14,35.19,0,806
332,Apparel,87.60611048,124.6797029,4.976309748,4735.030756,287.2569703,,310.046958,29.47005483,4681.353814,,3,54.76,0,276
333,Electronics,80.81081823,446.8674912,47.6230448,1549.538078,376.1117146,,205.8849991,32.71546544,4363.302268,,12,37.3,1,773
334,Food,59.35321891,242.3703596,42.08609986,105.4492616,859.445995,,299.2723172,76.15857141,1321.323354,,2,52.82,1,789
335,Pharmaceutical,147.4498216,123.0050326,40.44942561,1432.577341,581.2572252,,363.1798554,29.78671524,3936.185142,,5,33.4,0,347
336,Apparel,104.2163897,55.67338399,41.32620645,1167.66776,539.0050841,,629.4170679,42.26081147,3121.143647,,1,42.19,0,832
337,Electronics,25.39878102,301.8900576,46.7028149,3342.989467,144.6007279,,477.7632522,56.99130965,4860.342615,,3,55.76,1,766
338,Pharmaceutical,51.83480837,287.32983,27.66844434,3205.186839,65.22674863,,154.2385386,21.35283607,1993.307166,,1,53.67,1,980
339,Food,139.8191651,373.7091301,10.81381888,3007.960775,965.5009293,,112.6203063,44.0509671,3471.01094,,13,41.79,1,606
340,Pharmaceutical,24.4648633,450.6161239,31.22239678,179.5928717,408.1368589,,171.6325257,61.69773276,504.9714676,,3,65.11,1,617
341,Electronics,171.7293137,85.73296309,37.40119319,3671.012467,623.052409,,387.3490996,70.67986491,2101.987265,,13,57.48,1,122
342,Pharmaceutical,104.0778401,379.1734207,37.15795227,1685.299021,125.7293195,,753.2350419,53.83814923,4826.324774,,4,58.63,1,409
343,Automotive,101.3114497,134.3353748,26.55100218,3358.774346,698.9585714,,546.1817368,56.83374607,2787.108197,,7,51.25,0,836
344,Pharmaceutical,122.5574791,436.1796739,4.354477247,2827.2343,935.9383733,,661.2781299,18.83984308,1581.821616,,12,36.44,0,326
345,Apparel,166.6893835,418.5785812,19.18453398,1779.381535,596.8819903,,426.4622162,76.20435481,777.300623,,12,70.97,0,732
346,Apparel,76.0837495,293.3571897,46.11756381,759.4237088,169.8095563,,353.1662582,19.28018542,3576.936033,,5,38.94,1,806
347,Automotive,138.823069,369.6092594,29.63799658,562.6525985,602.6354511,,175.8802609,64.2271056,3295.309008,,5,55.59,0,169
348,Electronics,117.4890732,191.4575509,27.37826522,4174.439832,778.0298524,,713.1531155,28.53714252,1994.905825,,13,35.99,0,39
349,Apparel,60.73537133,262.0255545,14.1738222,4600.147956,436.0957097,,648.2120203,75.35152006,4764.518489,,1,69.39,0,801
350,Food,176.9396974,419.736604,19.05399708,3283.961429,885.8458605,,217.6826683,60.39716776,306.5735023,,8,55.39,1,794
351,Apparel,161.5109441,256.6693387,44.87195837,606.8271628,666.2488057,,458.5823947,62.76695991,1657.874488,,13,50.13,0,779
352,Apparel,135.1058486,211.0092194,33.65668933,2069.933363,904.2864724,,441.1623655,25.33414211,4621.133534,,4,22.83,0,982
353,Electronics,171.6105285,272.3956013,39.58196431,3671.802081,642.3300457,,537.5640869,41.01279836,1740.490104,,10,41.92,1,346
354,Pharmaceutical,174.7858982,422.7121636,23.26292573,3921.122332,174.7235734,,762.3308258,53.24692362,1410.813603,,5,69.25,1,494
355,Apparel,144.5889656,200.8436213,31.88211375,679.2712492,344.2071255,,505.8400092,63.89815327,2764.257968,,2,63.34,0,920
356,Automotive,169.0325324,128.1927169,13.17079683,100.1505223,241.7052008,,478.1520867,17.27715631,4154.2484,,12,47.81,1,256
357,Pharmaceutical,142.5195777,370.4063091,35.56758068,3589.471525,913.3851728,,135.2260531,77.36557215,695.1044522,,13,55.66,1,40
358,Food,139.2267466,421.6901957,21.95246535,1847.321262,772.3800639,,144.0352332,72.31544694,4726.499406,,1,54.75,0,198
359,Electronics,127.5361619,95.28686534,22.68473023,1346.958525,692.5784505,,231.1427539,28.92440133,4016.34983,,9,36.58,1,859
360,Food,153.0161615,157.9433507,32.8167939,163.197602,335.9180037,,122.7295402,67.59321701,1070.001227,,2,68.45,1,396
361,Pharmaceutical,40.13497001,113.8873954,46.87775045,2747.467093,224.8425334,,620.3470269,46.28267461,3617.638214,,6,50.41,1,716
362,Pharmaceutical,177.3654442,206.5736352,4.136310984,4270.638604,768.6285336,,606.3312128,42.32645371,2047.801869,,1,52.35,0,467
363,Pharmaceutical,175.6502703,252.6579405,41.41241863,4792.395067,500.4500486,,195.2393641,32.01038741,2131.014455,,1,40.16,1,46
364,Food,15.55698378,386.9718516,15.32677241,2872.150258,264.5000745,,685.2552306,50.66780106,3959.792444,,9,63.35,0,81
365,Pharmaceutical,166.9051826,343.0164132,22.75205327,2620.860506,635.7908793,,208.3502244,61.09223824,4821.367078,,4,52.73,0,825
366,Food,34.48527482,329.4178554,2.07375311,516.7762889,88.31715953,,310.8229109,38.76530335,807.9481897,,9,74.29,0,772
367,Pharmaceutical,73.67258231,208.568726,15.75125781,2789.476728,359.8617414,,274.2838294,54.04534351,2219.025137,,11,65.49,1,487
368,Automotive,151.2665687,428.6513989,25.62893089,1961.897487,495.1291449,,360.614969,58.95190448,2508.519719,,5,59.35,1,667
369,Pharmaceutical,40.54438025,262.0792253,3.75262779,3074.962876,190.5604174,,278.2646361,59.77852719,2006.296721,,7,78.66,1,290
370,Food,165.4137346,490.5972221,25.06369074,2004.759105,985.4217537,,442.2656485,13.63762687,1943.307794,,1,23.34,1,734
371,Apparel,168.1054938,335.3639622,46.42842081,1277.465705,248.6424964,,385.1855169,70.1823464,450.8896043,,6,68.16,1,997
372,Pharmaceutical,106.4188694,106.8191337,6.164267687,565.3298486,173.8354735,,790.5986435,42.07773203,3490.585379,,8,66.38,0,912
373,Apparel,11.21331563,354.2799029,38.45759568,1643.100378,243.3581302,,139.1484451,28.36912572,2293.829202,,14,46.91,1,566
374,Automotive,64.5372453,196.2968069,21.07388162,573.559688,780.6080765,,199.5269635,26.92351552,1135.010253,,1,39.34,1,342
375,Electronics,127.2161145,358.8472385,33.10351201,966.795059,454.2303763,,136.9781257,43.8109879,4116.960811,,9,46.8,0,775
376,Automotive,196.4253738,81.33851667,13.7515933,4937.947177,587.1451428,,538.0888365,72.07820776,4052.291591,,3,64.82,0,743
377,Pharmaceutical,130.0445701,128.6966467,8.815120865,2276.107429,69.95869914,,138.1564942,36.48433072,2534.679815,,1,67.55,0,516
378,Apparel,59.3626804,435.0817665,8.862668099,2706.171656,82.70974314,,685.5078162,62.48080227,1632.563174,,1,81.95,0,420
379,Apparel,130.4610836,152.2308007,4.454105337,4380.730791,473.5342723,,458.3570415,16.77731117,3262.845084,,13,45.88,1,48
380,Food,112.5972221,426.6685064,10.09668854,4978.287612,825.822481,,468.9053372,43.32396915,1583.130252,,14,49.68,1,734
381,Apparel,158.1706251,175.6742398,33.54674986,2955.300802,890.9769348,,493.1161554,79.41802983,1332.838066,,11,56.9,1,667
382,Food,30.32632138,339.2968595,44.20283998,4081.121723,132.3712392,,219.5695944,63.9306462,3706.470339,,6,62.9,1,574
383,Electronics,154.5953015,362.3677581,40.89215859,1702.011019,561.444947,,238.3832122,24.73699419,393.5611507,,11,38.38,1,543
384,Pharmaceutical,112.8406499,280.6946389,34.57158118,1598.145391,917.568202,,323.172126,45.10090316,654.888661,,6,39.88,1,267
385,Food,192.9684807,187.3898045,6.411161307,2073.248233,418.5741167,,515.4474911,26.35373346,232.5832353,,1,57.59,1,68
386,Electronics,74.95571155,145.6899694,15.17018487,3395.285587,838.0875399,,247.0824432,38.66926491,934.1272951,,14,46.26,1,925
387,Apparel,130.1981597,64.93520955,16.18053689,3442.739277,177.0108717,,181.432209,64.60588166,531.1520418,,14,79.46,0,698
388,Apparel,187.08534,186.7758806,13.24789037,1644.67323,938.6247652,,779.0818205,63.98573707,4979.851365,,3,48.58,1,616
389,Electronics,29.47684832,343.9232557,26.23527733,752.7286283,763.8521517,,115.3872704,25.96702645,1586.287856,,7,36.4,1,771
390,Apparel,188.0734126,472.2371683,27.24213693,3198.741657,944.2676731,,661.8881837,74.55563227,916.4864608,,10,56.22,0,592
391,Electronics,140.6982872,442.042017,18.48741278,728.7967247,692.7863719,,651.6246047,51.47977279,1356.782038,,3,54.85,0,80
392,Food,22.88904123,394.7291494,18.33566878,2934.61329,395.2337354,,308.0498797,36.59470037,4693.402743,,3,49.72,1,793
393,Food,67.18307772,404.8013045,41.5992243,3497.768427,941.2721139,,194.9386312,45.13549065,2696.769071,,3,32.3,1,854
394,Electronics,144.5526968,349.2432066,39.67534957,3532.996332,311.7884375,,201.9400527,52.35498774,1951.126862,,12,57.05,0,162
395,Food,22.79661428,167.1290859,16.08199575,3792.013342,365.563896,,588.2021321,49.19233723,4392.278998,,7,58.41,1,681
396,Food,120.6123874,458.2377638,45.77563375,4377.011166,715.7679971,,549.9646138,44.04835249,2095.953299,,4,38.05,0,886
397,Food,75.71778082,351.8295404,47.68793583,2549.799061,777.0504845,,647.921972,45.34529629,1808.041136,,4,36.67,0,225
398,Automotive,127.9739484,302.1982839,17.01038456,3678.221029,932.9333097,,756.2368207,22.34883373,1194.956108,,3,33.99,1,567
399,Pharmaceutical,18.69098642,99.94526115,18.36682249,3133.946403,244.5622886,,584.3491543,66.8913033,2013.424755,,10,74.74,0,946
400,Apparel,175.5919932,251.1749947,25.77607352,1014.535705,808.0981335,,209.0960756,47.9232224,1720.084909,,11,45.97,0,297
401,Automotive,194.9629041,257.161222,47.11491981,225.8792599,751.6187507,,270.4098317,19.17559032,3451.059005,,9,21.29,1,872
402,Food,194.0867925,439.0536243,43.93965222,1494.25279,110.6048284,,689.5356116,63.63099711,1589.996982,,2,67.74,1,910
403,Electronics,152.433848,295.9916991,6.025830167,2270.865161,417.8619841,,246.5142531,75.27107849,2970.558783,,4,76.75,0,636
404,Food,34.71638562,221.180247,20.24380642,3123.819128,318.6271842,,150.7656219,76.31148295,516.2823922,,8,79.47,0,879
405,Pharmaceutical,154.0700072,489.5601478,28.1151883,4264.800719,339.2659031,,592.2960378,35.83124127,1118.187952,,6,54.26,0,905
406,Food,14.67151413,99.824267,25.65349116,1061.604012,983.7995356,,381.7684488,19.48618115,2155.545304,,14,25.66,0,192
407,Electronics,14.20347479,240.1467927,10.49929033,715.1939705,660.6385428,,744.0280368,46.28797386,4697.356419,,7,49.73,0,44
408,Pharmaceutical,71.48594164,68.91110383,43.08202179,4821.051743,731.7923499,,555.1785498,17.88264605,2010.809531,,13,25.73,0,36
409,Food,102.8422062,382.9568543,34.17009837,629.4183409,977.7867554,,163.2932845,75.3791193,3387.555782,,7,47.91,1,525
410,Pharmaceutical,156.3774094,463.1344485,42.05751037,2444.606244,408.3416933,,763.4995971,22.85057391,1424.418668,,2,39.5,1,57
411,Apparel,139.8261216,176.0167983,43.07944969,2969.262271,811.74816,,280.9900845,27.6936102,809.7611647,,4,30.64,1,441
412,Apparel,94.72151421,436.2537546,37.66943683,2752.734662,462.8044151,,336.0487433,38.46455688,480.9756804,,10,49.32,1,618
413,Food,61.98906659,181.4982037,22.52131946,521.5575695,876.0569882,,381.5822896,36.8215128,1665.984793,,10,39.79,0,783
414,Pharmaceutical,199.453655,459.8465727,30.916791,379.4318786,221.6246642,,135.8570075,65.62640247,956.7729286,,6,71.88,1,187
415,Electronics,90.97444742,389.2828566,8.8579049,616.8687946,950.3018682,,447.5607956,41.94217744,1035.25015,,3,46.85,1,942
416,Food,95.76353462,412.2080496,34.00862546,2969.379651,257.833123,,186.3229438,21.9537782,3851.64468,,9,41.94,1,713
417,Apparel,41.08852603,58.10295002,9.783409531,2767.289949,359.9094816,,380.6792287,28.70469268,276.0227405,,13,59.09,1,769
418,Apparel,161.0138143,483.2646607,35.00352993,1245.329881,768.3826224,,345.4968516,45.63793696,2877.488604,,4,40.01,1,179
419,Food,141.7996229,377.0019464,12.25030988,3225.093295,424.0673845,,640.9880584,20.32177422,2021.414627,,10,48.5,1,919
420,Pharmaceutical,51.94622643,187.1379929,6.760013707,4118.33076,627.8008079,,662.2193581,52.8158973,2631.44,,13,59.61,1,644
421,Apparel,25.65239867,423.2275992,9.098940017,303.7369032,472.344826,,207.3890177,49.60231146,2901.585139,,2,61.19,1,272
422,Pharmaceutical,139.2948674,176.6845393,1.097614626,2540.836723,755.2514402,,356.5858312,60.02916215,1704.164933,,6,63.51,0,652
423,Apparel,134.3571307,442.7392278,36.21824127,3477.621019,266.9146898,,361.3472127,75.63932308,1616.522529,,1,72.09,0,641
424,Apparel,61.91931013,100.6611757,36.8876514,1336.328443,105.5350879,,205.9873108,73.85781928,3720.328877,,6,71.57,1,417
425,Automotive,190.6640768,366.6586899,26.23173415,1608.077436,334.9329276,,658.9174535,76.22529326,4382.129543,,13,68.81,1,600
426,Apparel,38.70099944,293.3143145,8.906777252,3106.825725,500.5932316,,595.0598298,27.13009179,1124.391836,,12,52.74,0,920
427,Electronics,92.1436122,93.44051159,5.094162538,4499.882938,209.6190496,,233.2672504,19.20957146,668.5700506,,10,59.94,0,231
428,Food,189.2870248,158.8522227,1.937319355,4068.629659,387.0574252,,356.705336,31.15936903,4509.419871,,1,54.17,1,289
429,Food,89.74819022,55.58181632,9.121660671,2957.338074,429.9838674,,174.0635174,72.65596209,1879.498226,,14,76.02,1,705
430,Pharmaceutical,131.3199301,260.9455845,44.65192121,3678.086417,104.5222515,,539.744618,78.04374322,2846.323475,,8,72.33,0,264
431,Apparel,85.54293561,185.5693673,12.83530524,1887.630104,604.1418858,,184.9603472,70.15274657,1925.807094,,5,67.97,0,445
432,Electronics,62.10088845,319.2608679,18.35929503,3240.731088,890.1262566,,790.153918,17.70124048,803.8512145,,6,33.2,0,959
433,Pharmaceutical,196.9557531,183.7570135,6.16192874,2384.289797,194.1557673,,646.4774523,76.31995986,3028.791896,,2,83.81,0,160
434,Automotive,87.7734612,184.9636002,11.89570393,1030.687069,617.9176127,,373.1669847,39.63506191,2720.676088,,2,51.08,0,646
435,Pharmaceutical,179.8788487,384.4369394,26.44200397,3538.517542,681.5022447,,504.9947526,10.65172035,1174.369084,,12,31.96,1,117
436,Pharmaceutical,53.69137512,71.66427619,30.77988147,2826.676723,448.3679464,,737.9392714,40.96756185,2368.971414,,9,49.98,0,409
437,Apparel,50.48989376,456.3027478,13.02226339,1857.245752,716.042708,,487.8694963,13.22484188,4025.348019,,3,31.87,0,563
438,Automotive,15.91547575,433.5187435,3.828875802,4565.562031,440.1949663,,222.1489405,48.07145448,3034.045295,,6,63.23,0,477
439,Pharmaceutical,133.8166968,350.5121075,20.16061059,202.5771774,529.4054236,,365.0923489,33.69878192,665.2031699,,10,51.57,1,711
440,Electronics,80.02000531,316.9497065,12.47596518,1647.288441,56.98539233,,690.2014055,43.14044535,2830.503187,,5,69.21,1,239
441,Electronics,174.2280675,451.5361242,11.75814224,378.7188491,707.1341084,,550.9491112,52.92192525,3573.143837,,14,53.4,0,996
442,Food,99.90988227,133.3985808,48.03327733,3855.983849,678.275545,,555.507069,70.81607671,4004.976348,,12,47.84,1,536
443,Automotive,193.9567513,85.53612299,31.19872381,3540.326525,86.48083346,,706.77504,56.33311035,3219.764377,,4,66.65,1,686
444,Automotive,45.24984798,157.7795765,28.28704372,1723.625872,399.837602,,725.7811402,40.38342079,932.7591898,,10,55.02,1,629
445,Food,175.0384019,407.5602254,21.37298007,3410.748221,980.0802488,,743.8548002,67.35994976,3608.83168,,2,48.51,1,495
446,Pharmaceutical,157.553402,65.60162003,22.01827234,2040.092408,449.6997344,,166.3944353,73.39074963,3451.240861,,8,67.49,1,648
447,Automotive,156.4751505,312.2630758,27.50434519,3805.643578,526.8481349,,480.8882014,18.38319765,317.2490381,,10,41.75,1,284
448,Electronics,170.5088133,497.9468823,35.12506054,2325.499947,914.4336503,,618.3566649,47.23530843,2176.388804,,7,37.78,1,253
449,Electronics,154.5945583,435.0632422,35.40515871,2120.170666,731.3987821,,629.8487916,29.91583718,1798.161185,,11,35.26,0,274
450,Apparel,128.9818611,284.6505601,9.413001478,4680.176586,602.9666246,,524.7013414,13.29428385,3413.177908,,2,37.97,1,50
451,Automotive,34.93652676,78.63840918,25.50552485,1329.307589,807.9144473,,216.7511346,56.79826866,1237.451899,,6,51.48,1,807
452,Pharmaceutical,16.1799741,424.1180815,21.18594666,690.191966,871.1479531,,658.1943878,70.39395442,3036.18523,,14,54.52,0,977
453,Food,184.9610911,319.5403287,43.65582135,2964.261255,484.0436682,,604.0779335,21.40318581,4583.388617,,8,29.55,0,857
454,Food,127.1635598,101.7198487,31.93952714,4849.67688,501.3529467,,160.2950401,66.86895603,4029.451387,,7,57.56,1,112
455,Pharmaceutical,161.3420853,92.23577817,27.09269925,1951.412147,416.7483889,,424.6668773,69.73770135,4622.997134,,1,62.28,0,490
456,Apparel,101.4892468,459.3320687,6.654337467,403.9801418,968.370833,,221.7841797,74.00383099,4896.828641,,5,55.5,0,352
457,Food,32.2885559,351.1401183,30.67625658,1762.59581,712.3079416,,336.233932,28.56995624,251.2166096,,2,40.14,1,890
458,Automotive,33.78530052,423.1790597,6.742991378,2579.065106,129.0619129,,112.6567645,73.27671456,3189.158127,,6,83.69,0,555
459,Apparel,140.2574046,445.5405051,17.5231222,893.4227325,869.8116421,,380.2309079,32.44639283,2181.629109,,7,38.76,1,266
460,Automotive,91.75812003,307.2975584,7.999256276,3324.700868,506.5319438,,484.9138448,48.66366094,4327.301554,,14,57.28,0,0
461,Electronics,48.09969807,282.8508583,34.9116087,4988.972006,115.3162111,,533.707815,13.53552296,1408.71057,,14,46.53,0,588
462,Apparel,103.4029639,243.6923346,11.10635358,2313.523432,572.2313924,,564.4432416,13.07167619,4908.941548,,7,35.11,1,999
463,Food,22.19969804,192.6259645,20.20110929,1838.169928,446.306065,,685.4039192,60.42612489,3145.798254,,3,62.45,0,253
464,Apparel,120.5745664,245.5681824,44.8880641,2063.450417,883.8619346,,250.8240351,41.11359846,4008.979531,,7,28.07,1,0
465,Apparel,61.10874684,398.2458451,11.01150279,664.2162741,243.7948734,,184.3372757,27.94046628,610.8778535,,5,61.03,0,40
466,Apparel,161.5362291,320.865544,25.88244813,4428.040647,835.141379,,696.0760203,23.32894472,1080.597847,,8,34.1,1,699
467,Apparel,68.9687722,451.6354805,21.5443114,2132.645712,579.8042566,,209.6289704,56.89674436,3840.337631,,12,54.76,0,33
468,Automotive,96.49182833,249.5210065,1.888078011,1997.644616,101.8797881,,782.3320569,10.02810808,305.5353058,,8,60.59,1,866
469,Electronics,12.20790258,323.1903104,39.84514757,3332.482337,973.2530363,,689.7767606,66.41238184,4121.014332,,7,39.83,0,839
470,Pharmaceutical,23.76490868,334.0883989,4.383249409,2265.963763,536.9844819,,450.6136241,15.54747243,266.9552897,,6,49.38,0,45
471,Apparel,84.57377572,316.263723,24.23849603,3276.343997,326.3330115,,786.9949974,23.40427304,3354.170427,,2,45.51,0,276
472,Food,101.1883786,366.1851979,28.47323645,401.0868216,495.9364999,,168.1637104,37.03654767,1952.450817,,6,48.35,1,297
473,Apparel,124.0039041,156.8450608,31.79289637,4087.244384,864.9648943,,312.1460328,43.94011178,3135.175293,,13,37.03,1,532
474,Food,65.41588995,280.5636999,34.74294984,4708.469369,339.6579682,,546.7570905,34.84965811,3540.950754,,12,46.26,0,219
475,Automotive,142.0465584,96.90116126,13.41034679,3278.950392,233.0425767,,345.0048079,32.44985155,1843.881052,,11,60.18,1,14
476,Food,173.4232555,223.0300974,1.488960056,4777.373051,172.6176846,,749.8607864,77.47412085,718.2197509,,9,91.53,1,523
477,Pharmaceutical,158.1716879,269.4501809,36.44873946,842.0183404,332.9664285,,145.9382617,54.91057769,534.3001652,,2,61.82,0,256
478,Electronics,17.52757682,343.5009168,27.24717337,2439.339328,791.0456827,,484.5882824,11.64030688,3026.892908,,1,25.14,0,752
479,Food,101.29632,477.7389737,41.96976746,3048.852996,498.0450469,,513.6063872,40.11231359,2699.145698,,11,42.93,1,623
480,Food,29.9367339,320.2929799,41.24802978,2950.509572,266.1075235,,556.9096866,71.25060898,3762.564844,,13,63.62,0,124
481,Electronics,55.98855301,384.6172623,42.32298222,2067.162718,207.8757496,,278.9663563,31.10193305,2646.730448,,5,47.09,0,131
482,Pharmaceutical,197.4658927,277.8197268,24.76963834,1756.613606,366.0930027,,355.1964993,16.61894413,2227.739792,,11,42.96,0,967
483,Apparel,37.07415315,335.3468141,17.3477914,721.4377105,942.9281542,,690.5763708,63.08693401,2110.818456,,6,52.09,0,834
484,Food,104.7887492,81.91949726,39.78635193,2019.538008,375.875377,,236.4599383,52.42096824,326.9451325,,3,58.37,0,442
485,Electronics,127.4495895,164.4762114,23.11341154,897.037994,988.7178722,,678.807493,49.92187555,1810.674568,,8,42.43,0,95
486,Automotive,143.4683444,212.8338919,9.988667624,3698.391815,510.968933,,493.858796,13.75035917,4884.896756,,7,37.78,1,611
487,Electronics,116.3332499,262.6220098,42.89372696,1123.271584,220.2057224,,633.5312578,19.83493069,4393.066766,,2,37.37,0,439
488,Automotive,11.85646101,70.54193548,44.24543396,386.9699959,896.5830872,,599.5251564,53.57845773,1781.014722,,12,38.63,1,79
489,Pharmaceutical,72.02764857,113.0108439,23.84917805,2806.594075,487.3376045,,245.2580468,24.5476689,3021.417944,,7,42.07,1,568
490,Apparel,108.3652122,174.5664385,4.709286638,3016.62569,724.1877763,,498.1689155,45.28490558,4267.024379,,1,50.5,0,615
491,Electronics,26.69463484,487.1897109,20.00347841,4372.374,984.526004,,707.406207,48.14171802,2318.116816,,9,41.9,1,487
492,Food,76.61911693,199.1061532,40.37334531,2927.209901,97.6665828,,402.4813658,29.84550332,286.197746,,13,55.27,0,645
493,Pharmaceutical,16.30859067,266.9184762,45.1869274,1792.856183,141.8598318,,776.6135392,76.38976089,557.6502167,,7,74.75,0,685
494,Electronics,24.92991446,138.2439707,10.97016438,4034.758219,734.4339044,,416.5505701,68.97248748,2649.885062,,6,62.77,0,472
495,Food,85.41542248,324.851032,4.281706989,2747.366577,317.7337531,,199.9499457,60.56614553,4853.309003,,13,69.33,0,766
496,Electronics,35.21599327,176.307447,43.9901722,488.4733947,225.0863271,,372.6042761,15.45957065,3527.405803,,2,36.33,0,353
497,Automotive,117.8327612,143.1466603,20.08084201,2872.667746,87.39378583,,766.1916845,17.42910135,540.3977189,,3,56.98,1,94
498,Electronics,140.9983441,282.4576828,27.54628725,4549.290873,70.75437639,,323.8045945,44.49469421,1108.932204,,1,66.89,0,836
499,Electronics,162.1114728,52.47760962,48.43522479,2041.931865,785.761323,,707.6687119,21.24993444,3902.351087,,10,19.87,0,485
500,Electronics,48.02854641,53.44881469,4.261671668,1551.996429,177.711756,,716.8754772,78.47858245,4238.910848,,13,83.73,0,257
501,Pharmaceutical,41.82169063,148.5809641,32.76758237,803.0003394,494.3345852,,345.130567,21.09641638,3164.934014,,5,36.28,0,681
502,Electronics,29.86788966,66.52461313,4.631165706,842.0830575,625.6019744,,158.2803606,44.12274848,3293.231214,,9,54.85,0,357
503,Food,130.9217474,98.61158936,19.39797749,2220.580273,456.9342105,,607.1905364,35.48847398,336.0197618,,13,55.6,1,995
504,Automotive,144.230388,202.4872922,40.38691271,3018.831138,75.75131972,,318.0586093,54.7570495,4176.945246,,6,60.6,1,243
505,Automotive,16.00136752,411.1635558,22.24013941,495.0154853,794.3264275,,648.04653,19.03254862,3983.720999,,5,28.82,1,295
506,Electronics,187.8803268,307.4218895,49.86193534,4703.886086,59.98756331,,409.8583938,40.12214996,1443.368692,,12,55.43,0,482
507,Pharmaceutical,19.87454389,280.7004767,28.39390496,3800.154725,773.7953997,,439.6867196,29.2293523,3601.648256,,3,32.84,0,487
508,Pharmaceutical,112.8463037,182.0699704,16.73694548,2974.4572,898.6392691,,644.5365847,72.14260673,1231.302111,,5,59.95,1,783
509,Food,144.7214987,469.2891737,11.78545497,4159.349488,461.197925,,367.6543317,12.84099985,393.584773,,8,47.08,0,132
510,Electronics,175.4841335,228.6567686,18.17550618,492.9151084,558.7653494,,410.1891417,73.96092458,1165.455404,,12,70.62,0,39
511,Automotive,145.6765171,89.19174506,19.25413041,2436.510501,503.134223,,363.3333281,68.3095897,1057.418608,,2,69.24,0,491
512,Pharmaceutical,162.3283358,327.6799323,4.366970208,3187.456322,419.7481877,,357.1383607,30.82995015,1821.190384,,5,57.43,0,989
513,Electronics,74.49553658,101.2272771,19.10913577,4160.39924,893.0533086,,468.1626038,65.25034583,2208.557586,,6,53.77,0,447
514,Pharmaceutical,164.8167716,205.3504143,23.74768747,3939.000844,899.2368351,,666.1596112,12.18494922,2640.986679,,10,24.33,1,621
515,Pharmaceutical,25.22182081,278.3353724,36.41414986,1457.639324,369.0255464,,353.2378183,77.68058852,2488.418602,,8,68.23,1,104
516,Automotive,180.0151647,443.4001361,33.17974475,4710.312831,634.3162663,,466.9783044,46.86164598,1499.238109,,8,48.13,0,269
517,Apparel,114.0425515,272.0959612,35.72951711,709.294623,930.562184,,569.5091278,31.22967182,340.0192092,,5,32.73,1,747
518,Food,165.2865763,366.0164447,1.409820412,4388.154731,963.955574,,288.6076124,35.38082488,3104.487787,,9,42,0,132
519,Food,95.94047406,496.7675775,11.66570258,4857.607223,533.5110884,,294.2659634,14.64837474,2099.575183,,4,42.45,0,858
520,Automotive,132.2797621,109.170104,33.42253013,968.0522638,480.183565,,753.3891889,79.25446598,1633.626355,,12,68.59,1,625
521,Pharmaceutical,110.0165056,173.6291865,24.71547904,3638.123715,314.7596001,,606.4742013,12.75043616,4361.317006,,9,38.32,0,814
522,Electronics,149.0020091,227.559234,1.260360308,297.399042,960.9282795,,504.0306734,55.84349862,3784.367877,,11,51.02,0,956
523,Pharmaceutical,25.50969659,239.8226803,40.42023748,2086.571843,185.6735892,,553.4040381,40.99151494,4317.274632,,7,50.12,0,480
524,Automotive,21.46689596,234.9594839,38.86766909,2629.788166,600.8380972,,120.5096102,76.42413527,2575.917415,,6,59.49,1,353
525,Food,56.94961446,458.4249512,27.87253899,2945.161607,318.4227541,,532.6720759,27.21998182,828.4700102,,4,51.25,1,874
526,Pharmaceutical,40.31348922,371.31469,4.256702963,4686.092516,315.0578758,,456.6562113,47.24607768,3541.862893,,2,65.38,0,312
527,Food,175.6388777,323.5573463,38.55923743,3394.028368,434.720158,,482.0247758,43.7649346,1189.154144,,8,51.04,0,190
528,Electronics,51.6506576,189.217723,29.6019658,2458.261961,998.853289,,351.5966788,59.20065108,2317.902412,,6,43.16,1,689
529,Food,195.4143986,420.7056729,39.31603888,4067.407678,102.2179915,,157.0317284,14.76071624,512.003787,,12,47.56,1,207
530,Food,74.01020044,479.7772302,37.83560263,4757.610823,599.6147273,,235.3374635,23.5652391,4161.480332,,3,30.34,0,955
531,Apparel,44.60240398,419.5392271,40.34710153,208.1241285,128.4435501,,765.5212992,25.01953741,804.515077,,7,50.91,0,526
532,Apparel,160.0427164,50.70429734,26.38239525,4914.354234,196.7947885,,386.0896936,61.67055284,4534.868034,,10,65.31,0,720
533,Apparel,135.1544773,336.3806166,7.875901391,522.0474814,467.5847947,,426.6782091,23.23970874,4348.306891,,7,45.75,1,38
534,Food,104.6571861,73.01092165,33.8867162,4090.495218,534.9371248,,136.8968529,50.14442347,2429.997269,,6,50.61,1,689
535,Automotive,115.5190747,165.9232492,31.40321547,1473.640288,295.8527879,,126.2963607,25.06706744,3772.967381,,2,43.55,1,528
536,Food,146.6483379,76.78611516,37.37040617,747.680323,350.6342743,,602.0270129,70.31374651,3173.336354,,8,63.34,0,125
537,Automotive,53.40640085,321.7079538,9.324169296,2255.292635,132.6186692,,476.6662649,75.95298181,4054.763083,,1,82.16,1,755
538,Automotive,199.3034441,358.9654611,10.5537848,3255.387239,338.0587947,,456.094189,46.29450825,2272.664484,,13,64.24,0,516
539,Apparel,195.2107008,101.5194371,44.63006634,1966.664041,968.2305174,,270.1871713,34.66162189,3971.880724,,1,22.49,1,18
540,Pharmaceutical,133.5618804,222.7274974,37.74891212,367.3705006,947.4720126,,621.3255121,26.38404425,2419.792722,,6,24.83,1,28
541,Electronics,47.91306568,255.306429,45.50319595,3037.359584,368.1343756,,217.7656054,13.48467011,4716.635782,,5,28.06,0,89
542,Apparel,139.2433661,216.0738598,38.17705074,4521.776053,592.3112395,,232.9543206,28.79500533,2534.586084,,9,36.29,0,354
543,Apparel,23.71769771,104.4612502,30.26060999,1977.755293,914.1156216,,422.4985199,55.7965046,2420.572505,,13,43.53,0,419
544,Pharmaceutical,15.82397542,238.5265056,33.05250411,1160.03061,55.87463151,,300.3959035,47.35318519,3968.344936,,12,60.84,0,227
545,Electronics,58.95974882,388.0301215,44.56726827,2268.628995,820.1493918,,273.2240869,76.08288948,4143.57292,,7,47.32,1,192
546,Food,97.89836178,81.95344904,29.36153097,336.9772841,950.9510751,,551.6663512,37.73940837,2861.547749,,2,32.87,1,950
547,Food,174.971776,86.08100634,31.98717489,4120.389164,136.7594476,,555.6802217,58.57043396,1063.029505,,13,70.26,1,262
548,Apparel,148.1621233,209.6470813,8.667359084,4149.069974,203.3753017,,677.1619489,44.25259232,2445.239509,,12,67.67,0,767
549,Electronics,151.114239,473.7765702,24.22213979,2981.202271,962.7089876,,392.3959969,45.88033511,4846.748014,,7,34.68,0,450
550,Apparel,90.84373355,350.857691,36.10345849,1830.204156,560.6631365,,151.1595637,28.74420202,3814.333727,,3,35.48,0,573
551,Automotive,75.72764858,355.4014805,14.27619222,4018.938486,63.48680275,,291.5664694,41.84655438,4093.580499,,1,65.12,0,706
552,Apparel,80.49736497,212.8639959,10.91045485,2817.966421,294.7503988,,786.0038242,42.95494979,357.5623943,,11,67.56,1,250
553,Apparel,197.6534171,317.147356,16.3775136,4147.068312,477.4464906,,517.3810027,59.46497652,2445.725421,,8,63.97,1,794
554,Food,17.62074637,54.55903281,12.83353077,3194.148084,708.2634655,,596.8159594,75.84479994,3303.781442,,14,64.93,0,4
555,Food,174.7359843,336.2432209,11.53071921,3943.586819,746.5023592,,105.1504807,33.05248942,4184.156881,,12,41.15,0,963
556,Food,119.9483276,460.9791264,21.8176913,3032.958667,995.6504373,,462.7440125,12.9540328,436.5135372,,3,27.01,1,152
557,Automotive,93.33692965,325.6580608,45.48408718,2129.291234,323.1356394,,126.2700603,44.74065879,4291.706651,,11,45.9,0,244
558,Food,147.7989555,443.1643671,25.84592269,4793.934714,561.3090968,,498.4611485,48.11229325,2832.324496,,8,51.21,1,407
559,Electronics,102.4670989,375.787875,10.20809866,2751.457742,556.6573705,,744.5395947,21.79083858,1147.107059,,7,47.82,1,222
560,Pharmaceutical,175.9504152,104.2512874,4.7716118,3064.938641,435.3629965,,777.8933914,63.23252244,1722.825039,,12,73.2,1,883
561,Electronics,181.1333542,456.1039883,35.11165111,1180.389433,210.7037992,,478.3868728,78.94503759,1553.261848,,2,76,1,813
562,Electronics,90.12697611,79.89972996,19.75713946,3165.688868,978.583735,,420.7433637,76.20423019,2748.123365,,13,55.35,0,274
563,Food,62.59728147,290.2853626,41.26971638,2900.877482,860.6513273,,761.511966,23.79742272,448.0912636,,14,28.68,0,93
564,Pharmaceutical,122.5465624,113.9617057,33.31602766,1005.70815,523.4163769,,571.5268824,71.27542679,960.9735608,,14,64.69,1,981
565,Pharmaceutical,183.3490357,55.26797483,40.01583108,391.976777,623.0831515,,145.4294957,59.31455455,4100.926608,,1,46.76,0,587
566,Pharmaceutical,50.02581591,239.9154171,14.32535593,3061.360667,265.8980009,,426.0079044,41.76925947,836.4991556,,7,65.5,0,22
567,Automotive,128.3636509,182.7683184,34.9255872,3842.09212,566.5977169,,268.1715129,47.8427696,1320.302093,,13,50.31,0,254
568,Food,129.9964418,268.7002222,13.93903725,2664.666718,710.2216265,,428.863025,69.47201225,2376.178907,,1,63.1,0,339
569,Pharmaceutical,149.2914743,309.739949,47.01435549,1211.185864,539.408677,,418.8259004,43.60944577,2682.180263,,6,41.45,0,128
570,Automotive,34.99786017,69.68258254,32.1823398,3365.957686,990.7709121,,507.501362,36.12451584,3865.330302,,13,27.74,1,540
571,Apparel,146.0067433,105.3514828,16.90107821,492.5180604,630.7745734,,349.7393432,44.52732451,2347.195648,,11,51.89,1,112
572,Apparel,182.7161789,301.3890784,14.20608125,2264.985154,402.425027,,214.9893146,50.53908628,3991.350181,,10,59.53,1,252
573,Automotive,44.13979069,204.4253089,10.35540267,900.4971162,783.5444262,,452.6036042,23.23543576,3168.062274,,11,37.63,0,925
574,Automotive,55.13323174,378.1280694,35.03740699,1003.84935,211.939386,,681.142019,73.06354112,742.8787492,,10,74.67,0,727
575,Food,194.5650679,343.5312419,11.71706504,1091.240351,415.290023,,564.8085596,57.19308642,950.3909043,,8,69.55,0,425
576,Food,44.38562101,430.5219633,30.16986003,1994.86458,379.6110029,,336.8575061,54.32882421,2297.761882,,7,59.11,1,17
577,Apparel,172.3331677,361.621772,13.96711632,350.6360075,460.2167404,,754.8661159,16.96473583,2105.069087,,4,44.88,1,346
578,Pharmaceutical,103.5327927,243.4689848,33.43647829,2049.187861,792.6908346,,738.5452999,52.29217567,3769.012494,,1,41.45,0,517
579,Apparel,56.97390414,352.8349801,40.9320467,2607.366491,509.9643806,,246.5438796,18.46724636,2987.538271,,1,31.59,0,592
580,Pharmaceutical,175.4424812,173.9215284,39.12323691,2468.141996,804.3137278,,127.5923096,15.50883726,2063.038789,,4,23.85,1,860
581,Pharmaceutical,94.60799845,187.8410745,38.28171522,1975.642092,597.664458,,618.9160958,46.91176269,1019.649361,,5,48.17,1,613
582,Food,107.8152972,405.043322,10.19839788,4211.81838,374.9659629,,679.3271829,38.19498738,1288.818091,,12,61.19,0,555
583,Electronics,78.25434019,250.8887824,5.330862402,812.1007929,819.4798065,,777.5051962,51.21671891,2962.404889,,7,52.97,1,884
584,Electronics,122.6606618,409.2711532,35.2484926,2577.914045,276.375187,,722.8854759,16.24555176,2232.506264,,14,41.27,0,935
585,Automotive,41.06953579,420.0900682,19.04901348,404.0029431,263.1638308,,520.3743377,40.1688144,2671.652043,,4,59.23,1,313
586,Food,84.30549196,435.9030519,22.18496509,448.6628265,529.2777779,,471.0366374,22.23507005,1019.251689,,10,44.33,1,551
587,Pharmaceutical,194.1883412,462.4858561,2.526305547,2911.942663,297.8067837,,119.4887359,79.09700601,3381.950011,,14,82.84,1,958
588,Electronics,59.04535221,243.9433492,13.71924601,2873.490282,58.6326832,,272.6595128,49.28051487,4292.185956,,12,68.81,1,174
589,Pharmaceutical,134.7799663,193.4900682,2.65014379,4402.364213,665.8826509,,421.7303262,58.12058027,1438.109633,,1,65.15,1,234
590,Electronics,71.7861122,311.989436,44.08010286,2833.581011,535.5391304,,539.9527301,32.77927965,2559.268284,,11,37.57,0,3
591,Electronics,156.9598939,217.0275905,12.92643748,4802.976,473.2419238,,490.0762833,16.63172403,4882.531179,,10,39.18,0,170
592,Electronics,34.86599554,320.4833751,28.30952131,338.6047572,968.6200889,,619.8451928,78.31096039,1799.560355,,7,55.17,0,117
593,Food,194.2659986,367.5136382,2.909986712,580.2376554,592.6392248,,295.8368516,30.03813248,3056.222456,,2,49.96,1,891
594,Apparel,96.22001286,359.7822583,33.67552217,315.9227217,870.2599989,,495.4668254,39.66657296,632.939361,,13,38.99,0,90
595,Pharmaceutical,54.84958804,218.5487992,16.82833994,1007.856567,182.4777244,,161.6995704,55.49047452,3108.872012,,11,69.32,0,418
596,Food,23.96438199,125.0870908,44.99804016,2752.223544,590.74614,,389.5658665,11.72881084,630.2325119,,2,28.88,0,704
597,Food,42.25400197,243.7382023,44.51779126,3263.303689,874.5806454,,625.1125831,66.71813914,4804.33009,,8,39.71,0,465
598,Food,108.7570502,114.1673648,16.9392403,323.3672739,603.9504694,,585.3805974,47.5604733,3635.18073,,12,51.62,1,786
599,Food,74.03060352,450.5436658,45.14708389,4735.25736,732.1134692,,793.449916,29.47520309,3983.166983,,10,26.75,1,477
600,Food,167.4878395,205.6448573,49.811726,4226.610346,403.4413894,,294.5237882,14.31255897,3579.700932,,10,27.97,1,120
601,Automotive,91.8686295,119.5068863,41.44536754,1553.401163,137.8270412,,448.7325094,21.37488908,3030.699373,,10,43.91,1,632
602,Pharmaceutical,57.25571179,61.45149196,42.39869604,478.2188981,485.0052804,,330.6712896,72.65237012,2359.581349,,5,60.1,1,634
603,Food,127.2575475,340.6200738,13.20142807,932.4466588,424.7554213,,408.4221798,58.02169568,4320.192223,,10,62.35,1,783
604,Pharmaceutical,144.2876712,336.6060429,29.25841754,722.0276274,873.7071733,,699.8650909,27.49312051,4792.811204,,2,26.25,0,405
605,Automotive,41.7379625,203.271875,4.295539784,704.0905186,281.7955372,,578.9463526,14.59205355,2595.37363,,5,51.93,0,995
606,Automotive,41.84765109,82.27034998,5.650978904,2640.952274,968.3975162,,717.7088339,58.34307187,4671.368236,,8,48.52,1,18
607,Pharmaceutical,16.96757112,234.3330027,49.94573799,1304.652468,960.2312138,,242.4577758,50.06854082,2999.997968,,6,30.25,1,150
608,Electronics,149.9163829,190.0478728,17.00532322,1854.884611,285.2500609,,711.3527825,38.31636671,2784.244097,,3,58.23,0,985
609,Apparel,136.1228602,354.7042879,37.66101169,4948.576134,380.6493577,,141.8335919,35.45280144,2381.517118,,8,46.48,1,300
610,Electronics,100.1798664,322.6006623,40.5265876,3453.13982,900.7779538,,722.0194963,25.17699932,1204.581255,,14,26.95,0,436
611,Electronics,170.3923853,214.0671777,43.04314028,4750.005269,968.2911099,,330.3516456,56.87278796,217.8543719,,9,41.73,0,972
612,Electronics,163.0773291,148.0516494,49.88378657,798.5271197,471.2671477,,320.2113434,77.94676195,1359.229889,,5,62.16,1,717
613,Food,121.2173292,494.6161848,12.83332778,1972.483427,354.9471934,,458.4620037,22.30006721,2646.671224,,13,50.07,0,507
614,Automotive,174.9715433,254.3007295,2.977190516,2818.185836,549.7893126,,758.4831314,51.7981634,2023.807771,,2,64.17,1,821
615,Electronics,49.10982991,359.7234061,21.14838438,476.1145033,703.380746,,133.4469553,39.6929539,2352.729094,,2,45.58,0,888
616,Automotive,31.26472769,113.2488354,7.373952822,120.5184738,309.8007896,,346.5616825,41.26821052,4907.111454,,7,58.58,1,989
617,Pharmaceutical,61.25242619,268.5153648,2.098868569,3385.128236,749.6495159,,699.6003921,27.79030961,1881.307379,,1,46.8,1,757
618,Apparel,20.84650266,62.39152394,18.66091453,3244.915632,99.07448926,,377.2381342,67.7594413,2370.478109,,10,78.7,1,671
619,Pharmaceutical,110.9222103,277.4548031,39.4031743,2112.865169,96.82976813,,239.4098283,43.96789229,840.8746465,,12,61.64,1,469
620,Pharmaceutical,187.9550815,483.8078332,28.74285387,2499.255973,416.9733199,,397.3559269,48.03840965,430.1971157,,2,59.15,1,863
621,Food,17.47527273,222.8930208,16.32612147,2135.670703,385.7995325,,369.886751,31.3332639,3921.96567,,10,49.72,0,318
622,Apparel,33.20088366,67.54820566,33.06275827,217.6247197,349.8515546,,740.791341,22.7265926,2939.27924,,4,41.76,1,91
623,Pharmaceutical,95.91781537,63.93010591,12.36889084,1743.32087,516.4687745,,633.354063,16.01372717,3851.383069,,1,39.86,0,465
624,Pharmaceutical,187.4362533,224.594042,1.704690858,967.7030514,354.6969032,,453.580889,59.98833986,919.3414347,,4,76.83,1,106
625,Apparel,70.06965995,122.0112214,38.45331594,582.2785266,232.6450225,,791.8593967,23.73639972,2944.778102,,13,43.62,0,761
626,Apparel,106.3746137,60.50844335,31.56341116,4787.930126,343.9960716,,425.6942719,58.30527479,1417.483877,,12,63.37,1,673
627,Pharmaceutical,17.89884322,390.2961263,38.3528286,3036.862653,976.1590592,,140.7664816,37.32635122,1294.696721,,11,31.45,1,938
628,Apparel,38.18520818,256.335354,2.907962818,3670.415793,440.5577461,,283.5920253,39.10423607,255.3248675,,13,64.66,0,92
629,Pharmaceutical,197.4597234,180.1601474,42.01886176,1645.282342,472.477138,,405.2493362,42.84242473,825.6354731,,10,48.79,1,108
630,Pharmaceutical,193.3725523,455.0374324,31.3567838,2026.420935,597.7177405,,209.8318369,35.73959557,1684.486935,,5,44.03,1,34
631,Food,10.93859638,102.2625321,28.60637218,1260.92757,984.17373,,763.2955884,17.04339841,761.0180508,,9,26.03,1,873
632,Electronics,190.8442392,480.163473,31.60608836,575.1317877,279.5212126,,636.7942285,31.6742267,4932.120514,,1,44.94,0,436
633,Pharmaceutical,131.4327882,191.2850228,43.3572291,977.2550235,697.218005,,287.8010403,56.46140525,1681.436713,,12,46.61,1,835
634,Automotive,174.904476,449.7816525,29.75988882,4007.818822,730.1854589,,513.5631735,56.6049081,825.5549442,,5,52.84,1,863
635,Electronics,96.40057257,321.3242944,29.46656861,3419.974445,626.958196,,605.01441,30.03570151,1155.595102,,2,42.11,0,972
636,Electronics,107.9632454,422.0183119,49.5432787,2779.951492,134.1494227,,758.8952502,42.20718386,3020.975496,,9,51.22,0,134
637,Electronics,102.8808502,492.8059234,38.07977819,2427.940377,693.028662,,717.1447444,23.54130596,507.4089146,,6,34.73,0,207
638,Food,136.7042089,179.782447,22.67239647,4619.92799,110.8899755,,460.6345583,24.72604571,4339.683825,,2,51.29,1,877
639,Pharmaceutical,36.5337384,482.5109684,35.662453,456.4012441,616.3355171,,642.2568339,11.61329619,4815.19846,,14,23.42,1,0
640,Food,15.69498208,225.2668527,20.07229311,1474.943985,752.6021184,,493.5013277,72.77225849,1384.387619,,3,63.01,1,205
641,Pharmaceutical,68.5066889,223.4803571,12.21489766,1814.695482,250.4213961,,486.892723,24.74946656,2360.457289,,14,55.26,0,524
642,Food,143.8893449,203.1741969,30.24574197,3933.88648,849.5409072,,180.3193708,25.92737139,306.2453649,,8,34.77,0,766
643,Food,48.3521559,293.6334233,46.48092281,4963.321639,78.83611526,,188.2963606,29.57210029,3275.409079,,1,47.28,1,577
644,Automotive,137.9521623,119.3652694,46.52783648,1279.285522,851.6222205,,470.6735305,18.91856502,2186.845079,,12,20.93,0,280
645,Food,194.2832888,299.1701684,17.75335863,4384.105937,487.3125981,,288.2030815,54.74840182,1496.280637,,3,62.66,0,451
646,Apparel,27.841136,293.7671656,26.85619584,4170.051526,256.7085429,,114.7258317,15.26000672,1192.818131,,13,46.8,0,913
647,Automotive,137.7944025,392.8558157,11.37015903,1200.821248,177.0892377,,605.9874427,19.39416984,3339.310773,,10,53.16,1,725
648,Food,94.31254167,425.1424829,49.78592437,2056.729643,955.6418092,,122.7406177,55.13297086,2197.841749,,1,34.59,1,956
649,Electronics,174.9470283,248.1986076,49.07477749,2107.39706,119.0323082,,516.6937888,33.77624343,1062.364587,,11,51.56,0,557
650,Apparel,43.65846,186.0499622,32.82593756,4893.281276,239.1387489,,477.4356559,59.55634787,3507.723591,,11,62.46,0,65
651,Apparel,141.5989309,166.7007038,40.41628892,986.3703168,380.4312301,,778.1702834,49.01973213,2912.346959,,8,51.11,0,220
652,Apparel,169.241905,137.5807265,36.0399079,4015.874058,639.2231065,,438.9491975,27.92148211,4321.625864,,1,31.72,1,546
653,Automotive,189.4767017,75.94141199,30.06475273,1737.544299,567.561031,,144.5210055,55.55795653,763.8843146,,13,57.2,0,898
654,Food,139.8171254,204.1015905,3.614051852,3681.264694,169.3613178,,486.1815775,18.13915762,3971.199689,,5,54.6,0,714
655,Food,104.4632052,171.6114615,23.28345279,2158.053921,325.2415846,,688.7673194,47.54872682,3432.880577,,4,57.84,1,200
656,Electronics,127.3909756,484.8878236,34.06452881,2933.962839,276.8141825,,797.794499,40.60036735,752.0524968,,7,56.87,1,427
657,Electronics,175.0919471,300.9689718,34.19904908,4179.797689,252.8657118,,401.2402216,28.7511508,3535.139503,,14,46.04,0,64
658,Apparel,118.4158519,206.2746676,19.2830083,4040.411268,440.5871197,,324.2091197,52.28034984,2319.426987,,5,60.57,0,31
659,Electronics,15.77354134,311.2104204,47.14290735,4345.473599,718.82988,,734.6573079,70.99335146,4735.926971,,8,45.6,0,242
660,Automotive,186.8802521,112.6385156,9.20049458,392.1248942,256.5802856,,233.8694904,79.92332898,879.734483,,12,86.82,1,885
661,Food,141.0100827,249.8196871,25.51761286,3491.04771,398.3449357,,530.8002405,52.54339381,3285.600276,,14,57.54,1,905
662,Apparel,138.5375433,331.8054446,34.85331485,785.9381459,421.3715555,,384.0000969,38.3294112,2033.504218,,11,48.52,1,806
663,Electronics,50.97827896,270.0040243,35.15965449,2137.510983,977.633703,,128.7576555,25.76449702,4792.710419,,1,19.9,0,501
664,Automotive,135.1882393,230.8004603,32.78330888,2788.083234,956.933039,,343.101932,27.99672626,1783.879497,,5,28.61,0,808
665,Automotive,84.83423707,497.231775,14.48912246,2073.423475,810.1307036,,285.6599658,43.56184847,4818.492366,,4,42.04,1,178
666,Electronics,133.7342656,446.141643,8.654121866,2646.097211,279.5759748,,580.2638078,35.70943909,4527.132085,,3,56.95,0,211
667,Food,30.25267576,330.5326812,32.16107601,4982.978913,114.6354484,,764.1533484,73.96701658,1497.839529,,5,77.68,0,562
668,Electronics,134.9906079,306.2198125,30.36580369,762.5648372,351.0589308,,287.6330312,35.78068274,4057.000529,,10,47.1,1,403
669,Apparel,199.8886079,329.2972159,9.788444504,3409.734622,303.454822,,668.0261574,36.14112138,4978.900169,,3,55.09,0,270
670,Electronics,19.16028738,140.5904485,35.55181813,2040.404735,530.6295101,,138.7518719,36.84741587,1412.78241,,8,45.46,1,937
671,Automotive,195.663095,227.8119845,23.30342759,751.7480146,788.8415146,,476.684707,68.56341473,2296.530413,,13,56.7,0,969
672,Electronics,87.31251254,67.7567898,33.72026899,877.8101405,865.4067919,,149.3850446,55.55518246,2696.867536,,3,42.93,0,63
673,Food,175.4431556,263.9957169,42.03098691,4751.438221,852.6208811,,753.8230938,52.99181952,1615.669452,,1,40.87,1,703
674,Pharmaceutical,158.653242,294.3610628,9.316693,4410.047334,391.6917832,,636.4458964,33.39001157,273.2712303,,9,60.67,0,414
675,Electronics,117.7330896,152.4873812,1.938098532,4544.505606,702.8726263,,560.5649378,67.25329238,1256.620372,,9,69.25,1,826
676,Food,150.3053498,483.8129812,39.17602673,4958.510602,347.1924876,,676.7274671,12.68547029,1553.297045,,6,37.15,1,202
677,Food,176.9179566,459.2545749,30.87517383,1120.745411,107.8602661,,553.2638569,70.95580206,2329.278566,,10,75.23,0,28
678,Automotive,86.78666111,374.964456,35.28233891,1841.652753,716.4870023,,778.261078,45.89249299,1021.291896,,1,45.3,1,985
679,Food,72.1363007,290.0239829,42.06959377,3379.173247,59.33617494,,599.7705635,37.87751644,4391.620912,,8,51.55,1,609
680,Food,136.8427433,441.4861218,40.33773581,2470.632445,438.7234581,,747.2610267,44.80170965,3583.573437,,2,45.94,0,786
681,Food,163.490729,108.7935547,48.0850872,2150.108714,362.9103058,,461.9923244,56.71908714,608.9622923,,9,57.02,0,338
682,Food,154.8341756,405.7294074,27.26081886,1853.275122,708.7086616,,181.9450891,10.89357986,3320.443765,,14,26.64,1,978
683,Apparel,161.5845933,106.1693663,24.936286,3009.525097,777.9331991,,469.724405,71.00862995,3337.551087,,8,55.52,0,671
684,Apparel,92.76082981,407.3947981,20.69247279,2920.4078,338.8899042,,188.8109796,41.27176677,4789.861633,,3,52.61,0,882
685,Automotive,165.3885011,174.0954057,8.530861099,891.1433869,821.0456637,,514.7454354,34.00765638,214.5001825,,13,48.53,1,31
686,Electronics,32.83972052,444.6907615,29.05775441,2411.525204,329.2209225,,437.7451424,19.67718959,1390.075759,,5,45.56,0,853
687,Food,113.4529286,474.8189422,14.57361369,2812.011703,474.010042,,535.8027785,40.76257621,4653.399101,,9,51.02,0,873
688,Electronics,11.09414549,116.9581862,46.1440681,2894.406,740.6676007,,107.0328867,44.74259399,4674.242794,,13,32.35,0,691
689,Electronics,71.67130768,258.2040223,29.57634941,1129.525245,708.2742178,,236.3883442,38.25526861,3658.814813,,1,38.73,0,905
690,Automotive,79.62769163,491.4443202,30.04916884,3737.129822,988.0000487,,443.9313023,57.50620657,3875.663941,,9,39.34,1,963
691,Food,85.27281141,267.5333462,18.39130838,223.4755646,263.902973,,765.3524931,39.46275701,639.1181981,,4,63.18,0,151
692,Food,142.1387693,438.5963851,3.547478247,1838.676092,679.2020179,,368.5263282,77.29923045,2666.604007,,4,71.52,0,175
693,Pharmaceutical,83.82603924,314.929185,2.555444503,3923.041978,629.1978129,,397.0604182,51.94942625,1311.598358,,4,63.45,1,448
694,Electronics,95.2517883,218.8984586,21.74342206,2863.075313,919.3435318,,600.2872623,66.5234555,1069.846609,,10,54.84,0,771
695,Electronics,55.13338487,178.6026,5.143703527,1379.695919,198.5440346,,522.6549301,17.65491322,4089.455836,,12,52.63,0,190
696,Apparel,80.91784041,141.450391,30.73550082,3505.270285,764.2082554,,309.2483051,37.81039051,848.1830561,,9,41.99,1,166
697,Pharmaceutical,53.18122918,392.8091861,44.16767728,2880.215626,589.8551855,,387.5714769,33.5793391,2449.527858,,14,36.53,0,331
698,Apparel,23.90722552,223.9432281,44.26282601,4001.593686,310.9325763,,252.3898592,49.86376717,4705.17555,,6,48.49,0,337
699,Apparel,124.6552327,280.073958,33.2932251,3701.623412,500.7131684,,776.2150214,70.2779464,1091.993867,,11,64.62,0,8
700,Apparel,136.9604317,271.546466,11.35035974,3089.528818,367.0877672,,191.4440671,15.48367524,4894.368434,,8,42.4,1,797
701,Automotive,127.7031657,309.7755632,43.28684474,2492.070609,600.3477326,,360.2857492,15.08023586,4972.582332,,12,22.27,0,812
702,Automotive,98.06386832,439.5097155,44.41857833,752.5924158,894.5505803,,118.0872806,69.52223957,2866.962342,,14,44.42,1,595
703,Apparel,82.15929823,491.3327046,10.63602566,1380.531788,590.8397352,,255.2456444,24.89950602,1016.685153,,4,48.44,1,108
704,Pharmaceutical,174.0333934,233.4128939,37.1338782,2153.587417,650.1362974,,646.3297969,56.81272781,1717.303462,,3,50.61,0,795
705,Electronics,108.6255392,422.3835149,15.0394579,3036.566506,542.8104548,,240.8226626,48.00146927,2237.565597,,14,57.23,0,536
706,Pharmaceutical,101.0445567,394.0375076,40.32937531,2617.168491,98.60723112,,156.0443818,68.30255164,1684.756277,,1,71.69,1,333
707,Food,14.8719925,308.0880282,49.8646571,1512.104177,271.215629,,432.1172259,18.75622369,1547.050783,,10,38.2,1,333
708,Automotive,74.83708725,480.2212146,2.471274261,131.6753532,517.401643,,106.9784643,19.0848076,4866.702604,,7,43.3,1,478
709,Electronics,82.23716757,140.213532,44.97092742,2531.572187,344.7235196,,159.3363081,48.97728522,936.1511716,,4,54.29,1,200
710,Electronics,85.77632837,99.16889464,31.50889615,1499.567344,222.6754179,,665.3381087,76.24650574,3719.973962,,14,71.4,0,269
711,Food,120.2327502,434.2828851,48.69574834,3699.580673,528.9261998,,640.0313414,39.04984309,201.9693893,,8,43.77,1,483
712,Food,111.3844839,247.6174175,23.78546636,217.3366998,356.6693038,,740.5971743,32.88594702,3061.676813,,14,50.11,0,739
713,Apparel,125.5019676,431.1359844,42.5220086,2965.656275,295.202261,,698.1608051,52.46825262,4596.526419,,3,51.18,0,44
714,Automotive,155.3278197,451.8905923,4.057309361,4713.223764,490.7861466,,578.2228943,75.13140204,1582.083652,,1,78.06,1,429
715,Automotive,164.4672904,78.10591713,17.42867345,954.6054088,176.6200452,,136.6330001,68.5849483,1090.524681,,5,79.84,0,174
716,Pharmaceutical,146.4433845,447.5591433,4.28381035,2411.082505,931.3584464,,647.9940326,79.68385275,3328.063015,,14,63.53,1,628
717,Apparel,191.5495022,251.7435749,48.79181354,547.9677599,874.316993,,691.8575676,11.57980082,3620.486755,,2,12.8,0,910
718,Apparel,13.46419071,279.6946201,41.03172146,3165.84137,722.2395565,,659.357502,17.90007013,3502.546491,,3,23.87,0,617
719,Apparel,47.19781728,331.96663,42.77482364,2797.605235,150.9031362,,455.9353247,52.66274344,1732.721024,,14,61.23,1,2
720,Apparel,11.43694625,466.872173,46.96029634,2096.091069,787.0833917,,263.0312871,67.44035075,1410.57153,,6,48.5,0,420
721,Automotive,133.0201957,58.60224249,5.17007082,2654.747405,817.5594617,,691.730983,29.96710396,4788.41024,,3,38.81,0,533
722,Automotive,180.6258043,264.5795607,19.89428203,4493.215826,779.3763868,,609.0139668,26.74477616,4631.83764,,3,32.77,1,606
723,Apparel,56.26163635,359.4749191,4.480709563,1061.842081,158.2675928,,786.5328221,65.08830596,2395.119727,,12,81.21,0,217
724,Pharmaceutical,186.1365635,375.218131,11.32886198,210.5661074,661.7125592,,208.9848184,13.94672977,4261.730558,,6,34.07,1,864
725,Electronics,21.45080416,361.6395942,12.23892307,4322.157935,842.608556,,257.9652081,35.85678533,2371.152693,,5,43.01,0,84
726,Electronics,187.5428451,110.4958082,23.98625334,2927.873704,598.4857312,,248.2587049,45.40664558,2237.067287,,10,50.68,0,114
727,Pharmaceutical,76.80831058,184.7280148,14.15954621,4464.226432,664.0870065,,654.7778373,49.2244072,952.4621485,,9,57.12,0,596
728,Apparel,29.26995741,211.4219864,5.947927234,3025.031595,485.4453055,,230.8351075,61.00306098,2246.749071,,1,69.07,0,939
729,Automotive,102.3156342,411.9967435,9.207063366,4069.789341,552.2719539,,146.6618809,34.83920064,2779.601305,,13,51.61,0,645
730,Electronics,58.78754787,175.4419426,8.216502614,2205.39948,82.65801543,,798.9925646,52.88790413,308.0207717,,3,80.06,0,491
731,Food,64.12585137,144.8172337,48.6807631,3774.313663,657.0148709,,117.372048,50.9762796,2331.742425,,3,41.64,0,358
732,Food,68.38509334,480.8516086,38.20533284,4573.903188,127.3748522,,684.6708421,48.33312705,3950.509848,,11,57.16,0,71
733,Pharmaceutical,162.5749206,53.9884783,48.4203118,2903.402522,463.2638646,,355.7567891,54.83383052,3464.221071,,6,47.22,1,575
734,Apparel,112.4406426,499.0193851,22.54728384,985.8472378,328.0223428,,689.1308218,28.16144197,3248.753547,,8,48.72,1,908
735,Electronics,69.14846284,354.5695845,14.6400556,1417.108314,568.1565527,,488.2343438,15.92541275,4565.866056,,3,35.93,1,811
736,Apparel,125.9634188,422.8111848,40.11636666,1073.358427,176.7455187,,731.1418606,18.34901704,286.5536472,,3,47.25,0,780
737,Electronics,146.0686281,182.5787284,16.98644198,1309.599435,707.0612319,,748.3350905,25.72076679,2873.828414,,6,39.11,0,994
738,Pharmaceutical,61.79856014,56.44187495,15.66978531,1601.435702,805.2609601,,106.3687269,45.01385549,3979.274472,,8,44.12,0,799
739,Pharmaceutical,88.57432929,382.0412834,12.39279362,2820.155555,205.1867273,,152.7885232,68.83099254,2798.409837,,6,77.71,1,272
740,Food,33.15835773,425.3650687,7.354269933,2981.158984,149.097433,,275.2511107,59.09053395,1754.698652,,13,78.62,1,152
741,Apparel,44.41837641,383.2142594,13.56668999,2189.848761,188.2397086,,568.5207915,65.23284229,854.0027124,,12,79.83,0,454
742,Food,139.4123923,114.2826293,18.41066768,3115.561821,883.2711838,,721.7905376,34.56829367,4460.302745,,14,34.5,1,428
743,Apparel,44.47328606,389.042565,34.0257162,499.7171355,551.7797987,,421.9593659,38.32576192,2459.659483,,10,44.08,1,873
744,Food,109.7810429,396.0152519,4.065677269,530.1623616,493.8979462,,524.8811814,37.55773202,4414.952946,,3,53.51,0,123
745,Automotive,144.7187897,346.3432321,11.31484004,941.9643558,151.3762281,,231.949897,23.43112291,3012.090188,,4,56.62,1,375
746,Automotive,30.30661539,394.7521698,40.64215837,2638.57974,667.0782064,,663.4767837,14.28516607,3436.12216,,1,24,0,919
747,Automotive,117.7893217,430.6646479,8.199174256,1148.573926,874.5996123,,777.1296779,51.3641265,4060.453541,,13,48.04,0,34
748,Automotive,58.7469289,326.1218514,17.78961218,1488.093577,836.7765759,,288.019253,79.24516784,3363.946614,,8,60.68,1,879
749,Electronics,192.9561063,89.87212129,43.36828717,2061.532897,644.7519735,,446.3781661,21.67807935,2110.663235,,4,29.93,1,838
750,Automotive,101.8736729,269.4325144,8.591340246,4078.144008,121.5147808,,160.2812774,13.26793739,2665.440243,,6,54.22,0,500
751,Pharmaceutical,163.1385845,84.9422006,5.054104945,167.924466,156.7771758,,491.3956595,64.56721773,4054.618518,,11,77.45,1,136
752,Pharmaceutical,114.543043,233.394364,24.74236176,3281.956219,96.84353775,,451.9484093,27.68102047,1993.521423,,3,57.05,1,40
753,Electronics,18.24838124,233.1979201,15.81855605,3377.495002,294.6052557,,201.1055389,68.07506637,2062.982992,,11,74.75,0,344
754,Automotive,130.2987614,79.70442986,28.60700986,4013.413324,178.8783938,,409.4463492,59.27556669,659.3125571,,12,71.51,0,723
755,Automotive,190.766635,206.9692403,40.38643963,4670.489401,297.0456382,,333.8732565,76.19714759,4590.005289,,11,63.85,1,583
756,Automotive,124.3062458,99.94914446,7.720275919,198.6754599,415.8051529,,465.2816127,38.6249065,636.9743117,,6,62.48,1,718
757,Food,165.6458833,413.7058445,29.45425514,853.540157,945.8336449,,509.9580348,56.33788876,3311.404052,,12,41.39,1,553
758,Apparel,177.999228,476.4596117,25.76992926,4442.239341,629.8572568,,105.946905,42.53983466,2183.333498,,11,47.7,1,207
759,Food,53.33515667,82.54241387,8.059860515,2346.740955,843.2250964,,632.7041881,54.14120881,2146.973073,,9,54.26,0,402
760,Apparel,50.28851958,479.8018433,31.57592579,2866.494131,724.8339257,,599.1100043,41.47192342,3461.848816,,9,39.44,1,329
761,Automotive,126.0863879,285.1594697,14.40838048,3348.833298,156.877974,,356.4004703,23.20425725,522.0499166,,10,60.09,1,777
762,Automotive,88.09540926,184.8045551,24.90388161,3427.426362,749.1243861,,137.0551549,45.55281912,3049.787758,,3,44.24,1,121
763,Food,169.5736475,84.58793387,5.03134389,4665.527976,311.3439375,,628.4527778,47.0008941,3905.752573,,3,64.34,0,70
764,Food,181.0043934,275.2809206,23.5196188,4985.052145,657.1524546,,768.6226123,66.74226938,4175.421238,,4,55.9,1,624
765,Apparel,77.15006207,407.531995,16.01670993,3628.771559,373.913875,,268.1061172,61.48644941,1018.545869,,12,71.08,1,407
766,Pharmaceutical,55.00540621,368.1889148,41.29667935,1507.383925,997.7886501,,326.4672296,56.46541368,4507.61144,,7,32.77,0,106
767,Apparel,158.2998479,72.60170516,3.791957623,4410.786771,300.3739055,,228.6690226,17.93709669,3349.501241,,3,51.74,0,176
768,Food,62.21314675,82.80582592,21.51175647,341.1824812,315.1739472,,503.8552863,60.44314035,4432.903044,,10,63.3,0,277
769,Food,166.2967205,231.2929772,23.46313978,1232.296179,934.1386428,,208.3889763,45.02136094,2529.347442,,8,40.04,0,219
770,Electronics,90.51026819,182.8807223,36.52529774,4497.190016,73.4121844,,349.3357604,72.58696753,2801.760056,,11,73.88,1,804
771,Food,136.8344809,154.5729454,29.14009118,1355.338421,711.8545385,,587.9091098,74.39096539,4611.38373,,8,54.96,0,768
772,Electronics,28.15170963,176.4520245,33.69340452,1181.190192,739.0600712,,492.0811881,13.86096134,4519.565808,,6,22.24,0,752
773,Pharmaceutical,128.5332717,411.5672345,39.075415,776.8139364,844.5596485,,370.523795,67.44490922,2351.172192,,4,48.05,0,696
774,Apparel,95.83585896,468.1526241,43.24794571,4309.647612,975.7173451,,394.1747213,12.63881733,1517.180632,,11,16.71,1,227
775,Apparel,121.455608,232.2962125,16.37989934,2550.28547,976.8218232,,493.4776178,35.7018738,2087.218086,,12,37.82,1,822
776,Electronics,41.92269947,457.749951,27.36311256,3406.976695,112.0129197,,104.1053095,47.96099829,2061.268777,,11,65.55,0,620
777,Apparel,150.0060115,194.6730656,42.16529584,1271.425282,830.7473566,,154.9569079,20.3670559,1576.961,,5,25.24,1,194
778,Food,173.9314447,264.3966439,49.48310542,3814.398063,663.994437,,716.8806474,62.24196688,1489.182101,,12,48.43,0,704
779,Automotive,51.18056202,151.713049,44.58644624,3824.02717,664.9750277,,154.5152924,10.58482929,4333.102095,,2,18.84,0,222
780,Electronics,28.18576555,338.214219,19.20189587,1631.730322,171.9324303,,594.7625173,21.80193339,535.3372193,,13,56.99,1,125
781,Apparel,14.49133135,490.5415018,10.56315934,2112.344902,667.6778081,,744.0267149,50.65577809,3452.533674,,6,54.17,0,505
782,Electronics,131.9745851,321.5718932,24.98023433,1127.482359,983.3584516,,289.478523,60.00712934,1029.536247,,3,48.45,0,315
783,Electronics,125.3478669,211.0163379,37.34043114,4885.149014,916.2276411,,359.3440059,74.16501719,1853.628288,,6,50.95,1,970
784,Automotive,113.8725084,341.5178507,25.13588447,3263.452628,467.1741278,,498.2449841,59.38476564,495.4065638,,12,64.63,0,549
785,Food,54.06994826,105.3143053,24.6758623,4679.265016,87.95057462,,717.1962787,57.02454892,1495.873457,,5,73.01,0,371
786,Electronics,84.27213922,449.8965861,42.07329063,1586.589164,394.1788155,,759.3339111,37.60388024,3888.421141,,14,42.37,1,617
787,Apparel,122.9505037,276.3877779,18.70878517,3931.265474,835.070796,,617.6942737,10.08990979,4448.073558,,2,23.61,0,271
788,Pharmaceutical,104.3857032,252.2073839,43.12993907,3852.707355,716.4241464,,160.6338326,18.41114811,1263.330329,,12,27.93,1,826
789,Electronics,197.6792488,313.6391548,20.93343525,3489.112694,486.3764728,,568.4079089,47.41881813,2425.029628,,13,55.89,0,438
790,Electronics,35.92355299,331.1527383,17.08342218,4831.630979,102.3464584,,387.2126053,57.25909201,2457.55543,,14,73.81,0,982
791,Automotive,142.0774653,82.2991128,23.24550565,2028.421147,455.5499914,,429.4906996,39.22137987,4393.161468,,5,47.86,0,900
792,Food,86.82056594,357.1777496,38.35990098,740.5148856,495.5736927,,134.4038732,61.14753081,3861.435454,,5,52.64,1,118
793,Pharmaceutical,91.35792684,158.8692561,7.174099365,3391.37341,932.1277562,,233.7434975,46.53036067,2662.770648,,14,47.11,1,693
794,Apparel,146.3435755,371.2786846,10.62454158,3673.618022,659.0317984,,653.3595253,15.19233369,3419.586562,,9,36.74,0,361
795,Pharmaceutical,141.5628688,420.1406575,47.62079646,2917.79681,346.0702708,,417.7711831,23.44113757,4267.304259,,11,33.76,1,750
796,Apparel,198.3386388,411.7813284,9.599089742,1113.407676,549.0523512,,311.1635691,68.79987563,245.7869793,,8,73.6,1,808
797,Food,34.394915,298.6254353,28.81863858,2571.834114,112.7525424,,368.8133518,60.74389226,2133.872149,,12,71.19,0,928
798,Apparel,29.78083338,284.0764515,29.38640887,1629.729709,973.9398239,,698.0796593,72.63333909,4554.767203,,12,46.23,0,49
799,Automotive,147.6243753,114.2941826,24.99159864,2194.585988,392.0569068,,624.2993122,18.22900744,3753.502548,,7,39.85,0,561
800,Automotive,119.8935142,398.9057677,32.59251718,3261.571022,503.9739872,,290.620778,79.31557742,2805.638597,,12,65.89,0,754
801,Automotive,62.09052665,172.1342212,12.26150956,3751.552239,387.5197755,,182.2512881,24.65846998,2742.29373,,13,50.31,0,98
802,Automotive,25.08968011,273.5129403,28.08045112,1237.900985,698.3861436,,276.3987552,10.82459134,1869.296469,,14,29.49,1,865
803,Pharmaceutical,26.27506742,177.9233418,19.23648951,2086.094267,679.1205504,,744.5295157,79.81960573,2698.498561,,3,66.44,0,841
804,Food,179.8962662,110.2227633,33.42169572,1418.891698,729.556195,,507.1121865,29.67517198,3345.839357,,10,32.89,1,579
805,Apparel,46.4547917,333.3009636,7.919953625,1073.294908,304.7360681,,473.4361461,56.76136168,2208.142584,,4,71.65,1,974
806,Apparel,71.4405968,74.44941567,28.97299343,3938.597378,349.8850571,,517.4755198,22.36776199,3627.935103,,6,41.84,0,993
807,Automotive,53.06471642,386.8903554,10.07824741,4555.338203,168.9886695,,356.219786,50.61599725,4333.914691,,3,67.54,1,663
808,Automotive,77.44929811,192.9140579,14.65351009,1914.13771,672.7344733,,664.9749142,73.28244905,942.4872713,,11,68.71,1,286
809,Electronics,23.19053012,50.06061185,11.71678022,3781.266729,87.80727097,,466.3003745,32.41268172,2367.42571,,9,64.15,1,743
810,Food,108.6213603,280.0081127,9.959051214,4495.276918,617.7982187,,181.7235319,56.91777832,2158.496438,,8,61.62,0,849
811,Pharmaceutical,22.84638708,71.08335884,41.45983663,4246.008632,876.2110906,,190.3455874,23.15325122,3499.831059,,6,21.71,1,477
812,Apparel,162.0677365,174.276301,14.99967082,995.7856038,896.2905409,,475.8014026,53.73567791,1399.363833,,4,51.18,1,307
813,Electronics,54.40529556,368.1394194,46.42906531,4785.830219,476.5858724,,755.5991526,33.55152463,3273.204392,,7,37.36,1,112
814,Electronics,112.6022638,78.21032973,48.52639974,1945.714558,486.3385038,,315.8464852,24.7845781,4411.94836,,13,29.57,1,242
815,Apparel,177.2150266,427.7023216,28.99176303,1762.27924,123.1207239,,708.6788182,31.92274355,2207.031679,,11,56.26,0,750
816,Pharmaceutical,133.6667001,51.7189652,8.007055011,405.9135037,687.2267742,,634.8669106,22.5188748,4572.87536,,3,38.29,1,948
817,Electronics,111.2619794,161.0707411,19.35286393,2482.250905,830.1964494,,273.46871,73.13412755,4967.185947,,10,53.99,0,778
818,Electronics,71.62341309,383.4068253,40.0888809,634.1667166,282.4223019,,125.4385238,37.80308204,709.2418398,,8,52.97,1,575
819,Food,73.27036348,192.3215674,19.00214571,1317.845123,450.2358376,,171.2930856,27.16955135,1318.655302,,1,49.84,0,547
820,Pharmaceutical,137.2025215,95.85157463,5.263843697,1653.018847,846.8973699,,609.9457537,41.38854887,4761.822807,,3,43.66,1,573
821,Electronics,198.8864786,212.1052635,28.28246064,4063.248985,883.2644443,,239.7688166,32.43753168,4799.972895,,11,28.81,0,413
822,Pharmaceutical,135.7494461,171.6769789,42.41092172,4389.894387,281.0209813,,359.8896444,62.10934777,668.9949219,,5,64.32,1,801
823,Apparel,115.9788493,429.220356,40.00039297,1582.084956,573.0421028,,451.1894162,77.98539383,271.9928018,,5,65.26,0,524
824,Automotive,148.8235969,191.0065629,9.581033866,4307.620794,232.8684931,,607.8277179,40.66235597,973.2801116,,10,67.57,1,121
825,Electronics,98.38906633,405.0196123,33.96546611,4300.431593,146.7848259,,179.2618563,70.272338,4980.86136,,14,67.18,0,139
826,Food,21.42704509,451.3424652,11.80470891,3846.789657,915.5644763,,384.4564837,49.61041515,1063.99816,,2,50.49,1,813
827,Apparel,116.836395,245.2178388,11.69216919,818.8060587,829.482129,,439.5510364,21.00649656,2612.228512,,10,35.72,0,280
828,Pharmaceutical,191.9488041,459.4744147,43.82951689,3482.58195,772.0331567,,478.5789448,58.34359195,4272.405087,,8,39.93,1,166
829,Apparel,43.30755905,219.7931243,13.23377868,4730.617916,96.32800287,,672.852449,45.9404148,297.9277313,,5,74.19,0,665
830,Electronics,141.1009293,483.8352874,13.89911998,3444.448346,851.5423531,,220.1747365,55.54245663,3101.547115,,7,50.46,0,97
831,Pharmaceutical,48.17740085,90.18028604,1.032016147,1724.922561,466.1418721,,665.4820163,72.27811888,1529.722155,,7,78.68,0,85
832,Automotive,111.80726,359.1586699,43.66278267,2552.838655,375.2753671,,585.0148994,40.83041995,4339.207599,,14,43.01,0,427
833,Apparel,28.36852543,272.2163182,39.83714585,3264.052712,569.152543,,489.1095699,73.08243363,1560.613516,,5,60.41,0,485
834,Electronics,95.57047789,224.4419625,31.73911782,2601.795003,136.7855806,,589.6695093,62.546831,3496.427457,,8,67.48,0,754
835,Food,153.6710325,334.7203454,37.76302243,687.7694145,768.8142219,,388.4124173,44.20234481,3436.254236,,9,37.06,1,562
836,Pharmaceutical,76.03858961,366.7356912,8.450379804,1629.113819,603.313323,,196.8783102,52.2255495,1263.169035,,4,62.11,1,356
837,Apparel,136.3332277,51.96347134,23.45785613,4031.74055,227.260592,,566.0356682,32.79067928,367.0361594,,4,59.46,0,903
838,Apparel,161.1354926,125.1288899,18.20974998,4320.948426,228.8205898,,467.2706147,78.85181098,2164.397954,,8,80.95,0,982
839,Automotive,186.1637857,370.8707228,5.595049787,772.7701603,225.036219,,547.5623604,56.71458141,1588.127129,,1,76.19,0,997
840,Automotive,54.58199555,349.8734361,24.82039378,4766.695087,104.1522682,,336.5991467,13.06927967,4083.093198,,4,45.32,1,151
841,Food,85.870024,484.7213773,46.11624287,1711.230827,608.4085269,,734.8066041,32.8635334,4041.748105,,6,31.65,0,490
842,Food,38.95904253,392.4670056,2.962896833,3345.33732,848.3307687,,511.158908,53.63201036,2393.714971,,13,55.39,0,334
843,Electronics,198.5718654,477.8477185,15.28158476,3783.943215,66.62330329,,159.781739,13.94332945,3111.258682,,4,52.64,1,813
844,Electronics,186.1301839,366.1432257,11.16950587,4078.53655,96.55441272,,414.8627935,11.67189339,3100.445677,,6,52.27,0,732
845,Food,112.5918548,184.1234939,12.66918603,4734.173541,594.1317629,,629.4492383,41.50169677,4170.359112,,5,49.52,0,533
846,Food,169.9863259,97.41421501,45.51329304,1633.305785,828.5209011,,655.8941932,33.28831258,2240.011588,,14,29.1,1,579
847,Pharmaceutical,108.9820157,401.8207385,23.93538366,4306.681627,360.401946,,446.2179369,40.68090256,1522.144063,,9,56.91,0,308
848,Automotive,128.4812807,339.8671497,23.84867123,745.2658268,382.1336789,,726.3232996,28.38853169,1472.167607,,10,50.25,0,929
849,Electronics,26.9336421,71.68370558,38.26820648,3554.700441,616.5291726,,287.367906,21.53024229,2773.722941,,9,31.41,1,288
850,Automotive,153.5013799,212.0227097,8.570117996,3735.690875,310.5022447,,387.4190881,58.24003499,2355.911373,,4,71.67,0,12
851,Automotive,34.26556189,480.559917,24.87600235,3420.843882,75.27794777,,729.0178374,46.01997814,2312.579701,,13,66.18,0,294
852,Food,166.9528497,275.1805156,22.06927549,1336.342207,748.4670922,,727.3797015,24.01079479,637.4592276,,14,39.45,1,244
853,Pharmaceutical,158.5853367,244.7281112,30.24862384,4377.91142,644.3674173,,579.9989382,32.37125984,3649.297955,,4,37.46,1,14
854,Apparel,144.6614926,255.9648223,49.97832746,927.4064705,601.7181991,,701.286383,51.42655354,1225.936102,,12,45.22,1,557
855,Pharmaceutical,16.8704723,143.9972258,38.70299581,362.8104785,754.5999225,,162.1412869,15.05605438,1145.377425,,8,27.12,1,939
856,Pharmaceutical,67.59438763,215.9182269,20.49541945,3615.578454,691.4692957,,705.4964833,20.32171065,2181.239937,,10,36.86,0,20
857,Automotive,59.99138828,216.4159652,41.55009956,2429.831005,245.5878888,,324.4339346,15.12719229,1293.33604,,4,40.99,1,123
858,Pharmaceutical,78.42591742,73.55975908,9.364709802,4260.580298,384.8569946,,224.8320587,66.86221329,3002.519683,,2,72.13,0,772
859,Electronics,26.65212189,395.4054328,2.492720629,1978.645991,169.8046346,,267.5588854,62.66864632,1983.024029,,13,81.28,1,396
860,Automotive,188.0219864,237.4269944,11.01797025,924.5650837,173.3641627,,392.5779556,62.73190523,2354.776268,,13,77.05,1,744
861,Electronics,115.2224257,419.9809491,17.68016625,4198.566743,692.385959,,275.8344032,60.14277404,2778.412744,,14,56.67,1,898
862,Apparel,68.04961903,432.6566005,26.01845712,2789.657195,865.6701016,,324.3973102,56.85697966,1176.970508,,2,49.7,1,676
863,Automotive,85.42648824,145.3973246,31.14132789,1027.059383,964.5959547,,194.4849403,43.38943408,947.6077898,,1,38.41,0,751
864,Apparel,94.9684827,345.809067,45.61968014,3629.881593,646.9297617,,307.3237359,54.95947145,4426.025134,,5,40.97,1,39
865,Automotive,124.1129233,262.5268119,25.98284647,2604.456829,224.8962572,,500.5986702,12.68530884,2281.873774,,6,44.64,1,909
866,Food,107.9790913,446.0705321,25.56250659,3061.133613,150.3678282,,409.2975957,53.50250959,2178.049326,,9,67.66,1,676
867,Pharmaceutical,184.6844749,147.0833056,3.461907481,2358.401857,822.208423,,342.7031329,64.45143939,370.9383213,,5,65.43,1,642
868,Food,104.4230618,355.0159401,2.71066608,4160.674021,599.8186525,,622.5164902,45.02508523,2590.286252,,13,58.25,1,285
869,Apparel,198.5100228,323.488455,28.00683813,4164.857307,637.37077,,725.45698,35.02593299,2860.014664,,6,41.47,1,946
870,Pharmaceutical,171.770742,182.8856649,22.47075205,3576.005227,792.3889843,,629.752456,29.41987144,2882.436181,,6,36.19,1,324
871,Automotive,49.61699773,111.4704066,42.11983935,616.4667492,718.1133663,,332.4004915,54.99614351,3593.749613,,3,41.92,1,661
872,Pharmaceutical,186.8130908,343.2378922,8.873299651,4210.383923,842.7353402,,621.1095175,58.4960839,1051.912808,,12,58.31,0,735
873,Electronics,32.1096156,382.3688562,2.223611444,3387.963605,103.4032102,,206.3861277,70.96773199,1410.671044,,4,88.67,1,383
874,Pharmaceutical,165.3154446,192.0323047,23.00289963,3515.418413,760.1446049,,191.2225917,33.96338577,4091.506233,,1,36.79,0,617
875,Electronics,82.31842576,340.1746718,12.63644928,1878.615918,858.3101195,,341.9389259,63.88406152,4746.418961,,4,51.65,1,330
876,Pharmaceutical,176.8151209,227.8089084,3.431104294,4408.469825,321.8282903,,665.3916583,49.29490769,852.4771874,,1,71.92,1,780
877,Electronics,174.9307711,370.9430975,36.50531606,3654.320841,658.4249103,,272.4437731,71.79855435,2588.717862,,5,56.37,0,546
878,Apparel,163.125826,139.6468737,6.468056998,651.693286,348.4539606,,144.2773862,46.94684758,1228.046013,,11,67.98,1,813
879,Food,160.1057829,450.5967512,30.8076555,2098.112369,960.0725132,,192.1966746,46.23408799,488.3512081,,11,41.02,0,75
880,Automotive,67.88903643,179.3343184,14.77143776,4443.263774,81.75239381,,701.121478,50.4513957,1762.416023,,8,73.34,0,614
881,Pharmaceutical,25.37466378,215.5036945,9.501306467,331.2638383,600.8032016,,543.6482993,62.45207486,889.7006009,,8,67.62,1,158
882,Food,86.56623397,76.14137844,19.60782462,4810.941436,208.1783697,,277.2408144,77.52833352,3607.678752,,5,77.46,1,789
883,Automotive,42.96965785,100.1804955,40.27084303,3427.896585,726.6091949,,488.7070777,15.1494348,2761.881986,,14,24.14,0,540
884,Automotive,142.0407069,282.1378562,20.21258527,3193.74229,217.0957692,,469.3057357,13.74042217,890.4054608,,10,50.49,0,497
885,Electronics,75.75894804,170.4167045,37.78771281,1425.740357,273.6140988,,558.8051849,75.62852362,244.3596243,,2,74,1,672
886,Apparel,195.3659382,425.9661016,7.148828543,1319.079765,519.6522705,,263.2312881,47.09129379,4079.153835,,12,56.94,1,1000
887,Apparel,131.7846947,56.61202489,38.86579956,4716.085275,919.0932025,,705.082091,53.04321102,1045.73315,,6,41.31,0,546
888,Food,166.2713071,220.5923219,12.60973292,1561.535026,251.1286535,,316.5579935,43.76965211,3109.839883,,1,63.09,1,890
889,Apparel,35.17968782,201.805496,34.19226336,3899.975954,187.0280201,,585.8921578,16.55602168,1817.225183,,7,45.36,1,105
890,Pharmaceutical,173.7827516,58.69743391,28.72329619,2026.296811,771.0279903,,111.2872525,63.76625649,3010.332504,,11,51.24,1,825
891,Apparel,185.3238662,105.9657796,46.52809114,782.3449468,525.5885557,,360.8599909,62.30572516,1715.13741,,4,53.34,0,355
892,Food,102.5417646,236.1392037,19.97880338,152.5049587,916.1958568,,346.1968726,31.8192325,617.3098913,,5,39.2,1,421
893,Apparel,125.1880582,271.789063,4.242094253,2766.860951,189.2838293,,480.4391,31.43674717,1270.160041,,6,65.8,0,383
894,Pharmaceutical,155.3138622,231.9303863,1.938618792,4881.316211,663.6314984,,150.9153832,68.64889666,1102.681119,,11,71.43,1,13
895,Electronics,43.21933918,288.9219553,41.51606949,1908.76735,271.2351888,,653.0919616,15.06500804,2254.492892,,1,38.28,0,927
896,Food,105.4875545,317.8092537,26.71204625,1850.242437,198.9224072,,252.4465612,71.67736038,3359.76216,,9,72.47,1,929
897,Electronics,85.74597528,54.46571951,38.98695854,1786.048927,699.2579444,,573.9264704,27.96631829,1466.26916,,10,34.48,1,632
898,Electronics,37.81105851,258.8428218,12.4868544,2650.664803,614.0003889,,662.2484863,51.50893234,257.9356894,,4,61.82,1,993
899,Electronics,79.83154024,483.5746584,17.90910353,2259.257929,767.0860854,,493.3138694,75.51959253,2690.899348,,8,62.2,1,709
900,Automotive,22.95273878,283.5645261,2.475089738,4411.581671,343.9894476,,618.6182447,57.46857511,3107.645549,,5,71.21,1,275
901,Automotive,14.90426232,354.8940204,48.1131239,2577.051879,475.5730736,,563.3022186,39.01008687,4821.778371,,11,36.35,1,666
902,Electronics,35.68159494,190.3387361,33.72552743,2588.013407,435.1980925,,348.870858,58.26739462,3029.459855,,8,56.53,0,422
903,Food,192.9918712,398.2961202,46.7270493,778.0208141,984.8849908,,666.2009773,34.07857454,2461.628285,,1,23.88,0,9
904,Pharmaceutical,114.4106118,397.8146668,14.00932396,4915.42375,327.6365089,,306.2909589,29.40808914,2952.327804,,8,53.37,1,984
905,Pharmaceutical,193.5062106,284.5832214,30.96171695,1324.867165,330.0763764,,499.8490424,79.76782946,4653.923023,,11,68.29,0,309
906,Apparel,92.17459688,489.2062205,34.24649845,459.4839306,386.8207984,,621.7784174,62.55531618,4176.215099,,13,57.62,1,595
907,Food,69.24506529,106.4975966,16.55993531,3349.41662,586.3643772,,365.2691369,55.13039842,1750.29792,,11,59.85,1,55
908,Automotive,106.1669539,57.6264492,42.55735252,3017.295214,289.7066071,,311.9373253,34.87027503,1338.820946,,4,49.04,1,648
909,Electronics,93.50722084,396.5711953,47.41091168,2134.213705,919.5254434,,421.5422071,13.44125804,1460.641339,,2,17.25,1,213
910,Apparel,30.07629001,413.2199918,44.35790077,2168.741946,302.4012866,,672.574446,12.17398132,2621.220991,,11,34.03,1,709
911,Pharmaceutical,131.7569998,104.0932531,37.21428182,3946.813213,901.024945,,750.9452342,48.79268788,3771.437366,,6,34.94,0,566
912,Automotive,51.04725468,169.5122748,14.59576931,1058.991936,148.3013105,,481.558389,63.34229047,2615.452194,,2,76.15,1,277
913,Automotive,127.7217114,57.89856351,14.79918606,4119.241263,673.7345673,,563.0263437,47.61654333,525.4227,,5,56.63,1,77
914,Electronics,133.5382076,181.9888749,48.2046557,3278.860858,911.6362425,,732.2915356,68.85495504,3673.187362,,2,40.45,1,92
915,Pharmaceutical,38.88472209,397.9138433,1.503940301,2152.951892,210.3119665,,168.982796,12.33985732,4068.656618,,3,51.12,1,714
916,Food,21.65642915,283.0822375,36.08644869,2344.340221,969.9106121,,262.4550045,35.67264535,1589.589753,,11,31.13,0,26
917,Automotive,158.3447014,206.6430169,35.60606197,1357.571315,480.2391924,,596.2300044,26.59492738,3387.803549,,6,37.87,0,715
918,Electronics,97.36208052,217.2826827,31.51178751,3785.36023,948.429353,,676.6211233,41.30910777,2247.641125,,1,35.1,1,773
919,Food,21.05112115,50.60913157,49.51533346,2613.086237,692.9790414,,699.9203198,15.06634752,4467.772907,,6,18,1,697
920,Pharmaceutical,199.0246003,184.9102374,16.28209235,1672.187259,336.5075264,,390.5750238,76.78921491,4257.082679,,3,73.27,1,280
921,Automotive,20.97830659,340.9064337,17.65862133,3020.645567,228.8873987,,162.5379316,25.62787807,2722.073592,,7,53.44,0,479
922,Food,142.0566935,488.3874997,4.868030744,4979.098815,338.5482939,,406.4470341,74.56154428,3519.22662,,2,78.14,1,677
923,Food,196.8989958,431.1773721,22.69710869,2232.78517,138.3665388,,261.5142131,39.81252085,4440.078565,,14,57.8,0,910
924,Food,55.4442198,60.61773409,13.79137779,4611.387864,186.674568,,303.8375185,78.98668933,2579.441648,,6,83.22,0,995
925,Automotive,37.02738005,454.3522721,17.82594841,1790.582516,149.4274183,,640.5872898,48.78408684,1703.603554,,8,69.37,0,594
926,Automotive,33.06313849,402.439286,41.89401772,368.1902639,451.7963666,,152.8689602,75.15830049,3817.597462,,1,59.63,0,56
927,Apparel,67.62227804,401.1692556,46.83874116,1100.786321,805.7994574,,679.3068522,10.37442921,1256.318023,,11,19.77,1,216
928,Pharmaceutical,29.19870409,256.0980916,10.10092053,2151.606202,184.3143765,,399.3683601,62.37671643,2064.94951,,11,77.49,0,348
929,Electronics,141.5106549,229.1023818,19.25293765,1176.21115,173.8044115,,517.2447518,73.21354572,4355.490738,,13,74.98,0,224
930,Food,21.83544164,186.312078,46.50289754,101.1124873,661.257502,,162.7565619,19.78043969,3677.227233,,9,24.1,1,623
931,Apparel,106.7902043,79.56268653,4.028614574,4583.507535,237.3238329,,336.1513549,16.72880962,2138.292825,,5,55.36,1,812
932,Electronics,199.3724022,152.7059136,5.525665877,4235.009115,142.7295362,,162.7906433,39.7200825,1230.773612,,5,70.91,0,685
933,Apparel,164.6543512,160.9716357,8.976758471,3737.231934,208.5061493,,773.080606,75.35752343,1908.648276,,13,84.02,0,297
934,Automotive,126.8916933,267.8346814,30.16542887,922.2915187,927.5448261,,665.0831545,47.96705921,1563.699916,,12,40.96,1,473
935,Food,68.18818795,386.349983,8.373141279,689.7815234,830.3976901,,421.742928,46.92195246,1045.228582,,5,53.11,1,77
936,Electronics,128.5402089,263.2144228,48.43574269,431.2632724,386.3613342,,256.5217838,19.87882828,3767.997985,,6,31.44,0,750
937,Electronics,110.1378781,76.03000225,22.88901184,3647.743025,673.029729,,753.4185737,10.05526578,1409.935457,,2,32.86,0,914
938,Electronics,90.95584294,481.0054104,25.57438006,4651.159007,560.41189,,341.217617,66.70980635,2380.003857,,6,61.55,1,332
939,Electronics,34.83497158,474.2259436,13.08627217,2209.625522,693.2680503,,212.6891022,16.13021941,2052.125345,,14,37.93,0,760
940,Electronics,178.4548009,403.3352944,24.07705237,683.7892928,698.5375948,,494.2150719,54.36948731,4913.971417,,11,46.77,0,234
941,Apparel,95.45908328,496.0975557,33.433768,2610.724822,647.2973143,,760.6418842,74.02315182,2077.242772,,4,60.06,0,363
942,Food,46.97827725,295.0170498,37.80767971,1809.276347,302.7963001,,102.6812034,24.60563392,583.9159174,,8,46.93,1,695
943,Automotive,79.87427667,483.2457576,37.93953605,1936.642129,87.05609972,,266.6873903,56.56909854,631.1636123,,13,69.23,1,400
944,Automotive,88.68465298,84.02226828,29.31666452,3144.520058,482.7884429,,756.9133483,15.50890037,3035.617862,,11,35.47,0,893
945,Automotive,167.2322002,214.5563367,45.31362897,3621.718755,896.4251905,,219.7601768,52.26286007,3076.945048,,9,34.96,0,931
946,Automotive,149.3867323,151.4215706,41.05298452,641.9576345,591.0223956,,179.2704161,21.47522047,2210.043154,,9,32.17,0,250
947,Apparel,156.1679298,138.1248879,38.09535762,274.392131,840.7714896,,499.1310511,61.51674924,2272.849723,,8,45.75,1,376
948,Pharmaceutical,12.09594024,113.361327,3.724670562,4972.218483,992.0431258,,703.2906763,31.08619064,458.8763976,,3,43.37,1,965
949,Food,89.06925965,330.0861387,1.337020149,1240.36891,205.4353939,,433.9768724,42.43737062,2679.42325,,10,69.16,1,983
950,Electronics,101.4553888,401.5948351,11.40991658,363.7695721,707.1887572,,796.1949797,51.96013794,2622.749482,,11,54.95,1,662
951,Pharmaceutical,13.6465326,310.2342797,33.5126561,1030.389113,690.578895,,575.4201897,21.98913875,917.8367291,,11,35.04,0,576
952,Automotive,59.36450966,116.1332193,21.14867696,290.8934471,980.957675,,151.852435,61.9146473,698.4290533,,4,51.67,0,51
953,Pharmaceutical,154.4550664,415.0056965,20.71790671,2019.873384,986.3206973,,794.9824922,31.18482384,793.1479549,,1,36.13,0,568
954,Food,36.05084409,336.1796182,44.34475752,4031.768744,702.3446811,,385.5259657,56.36603019,684.9355832,,9,48,1,688
955,Electronics,111.708925,224.6745678,44.88257956,1772.097804,281.4340524,,301.1817737,21.07981355,3126.599339,,5,37.89,1,684
956,Electronics,50.88835568,353.358633,45.54958794,2276.498694,808.6280462,,490.5154285,58.16823614,1143.116732,,6,44.32,1,783
957,Food,12.30294718,166.9572407,16.38002575,3410.37519,151.6776775,,313.0153143,18.9731651,1406.86473,,3,55.57,1,591
958,Food,55.82827694,205.3364938,34.86173482,2593.580943,791.664339,,160.520255,39.77495474,1033.146292,,11,40.13,1,486
959,Automotive,195.4160134,462.8686294,14.31002588,4321.083862,914.6863179,,100.9998402,27.30442516,4797.609461,,10,30.89,0,499
960,Electronics,162.2920513,180.7270276,10.33988182,4343.574808,413.691725,,414.708347,62.38626746,4302.163823,,8,66.04,1,987
961,Pharmaceutical,192.3195624,261.4947207,10.04699041,148.5624079,649.1035302,,685.8043956,28.34245032,1306.375219,,7,48.07,0,340
962,Apparel,102.6922683,450.5635118,17.76327342,3912.426902,458.6355955,,500.6206299,71.72021145,1772.318211,,1,71.45,1,629
963,Apparel,30.84987775,368.4746076,22.06792337,2357.594641,465.8768022,,799.4451093,72.4274148,1207.485643,,10,71,1,276
964,Food,114.1123029,77.99145177,41.71650938,4945.318652,344.8523447,,300.792652,23.75089207,2561.004605,,12,39.72,0,643
965,Automotive,96.33169357,116.2863699,6.87466358,2467.837172,774.0231394,,296.3185453,52.96921615,294.1305559,,5,59.93,1,282
966,Apparel,170.4278457,53.52871585,37.01136652,4935.790132,939.367736,,211.8246222,16.14023492,3422.566443,,10,18.24,0,111
967,Electronics,28.63569035,333.9148056,27.0412908,3797.38987,943.7133163,,214.8445118,37.40759697,2711.159119,,9,34.15,0,363
968,Food,102.765816,251.4530414,15.10932179,1318.163935,216.0422206,,299.6306172,59.93252107,4513.466856,,12,68.41,1,411
969,Pharmaceutical,38.50924629,110.4236829,25.14815964,2738.135399,881.0064672,,654.9880317,56.15962728,989.0848848,,11,49.61,1,246
970,Food,71.68842611,481.0703545,15.69716142,4961.464633,750.5598694,,734.0297534,53.72904686,4059.724381,,12,49.95,0,465
971,Pharmaceutical,150.0978447,288.3468758,30.20801581,4301.899978,290.1955307,,782.5610188,29.77786046,4001.412869,,6,46.1,1,512
972,Food,100.4434446,158.8519824,22.25835222,577.0977796,113.9203823,,262.6027579,36.46174646,810.4697082,,8,64.29,1,770
973,Food,81.41877418,275.271607,9.055870925,3561.222784,304.5974035,,716.9082819,17.20623013,2113.084276,,10,51.62,1,882
974,Food,84.95049293,355.8291497,6.712570653,1793.339971,916.5978249,,329.7785625,60.33159743,1016.732677,,1,57.95,1,756
975,Pharmaceutical,97.294886,84.30764809,27.78808842,134.2130832,651.5197412,,178.9883812,45.27221578,1422.658402,,10,49.13,0,272
976,Pharmaceutical,159.1531433,173.6167168,45.21823863,2077.056748,735.0019279,,709.0174479,59.61359426,1463.581639,,11,46.74,1,270
977,Food,179.4960909,413.1344709,17.85392664,1250.296666,294.2947336,,545.2739443,27.42604674,2869.934691,,7,52,1,491
978,Apparel,191.5135904,256.8491917,36.91700525,4112.459426,733.4187478,,215.3116273,32.710676,2174.772472,,3,35.24,1,270
979,Automotive,159.5116434,295.9597139,33.27440639,1752.919983,76.71543096,,400.8818803,33.39507361,4749.117459,,9,51.59,0,516
980,Automotive,69.92731019,244.767201,46.6461908,4154.8661,406.5552785,,301.0803864,11.80196868,806.5766813,,6,33.43,0,17
981,Automotive,140.7455942,69.75497419,41.22806985,102.9299003,645.4156811,,615.7561981,33.8733511,4873.722247,,5,31.34,1,629
982,Pharmaceutical,93.14459357,124.5874009,28.76365769,1608.313835,188.7917373,,417.3913614,66.23132015,1307.065473,,8,73.33,1,175
983,Pharmaceutical,58.38741819,250.4937374,33.19449441,1281.70955,831.8533957,,792.4959616,72.8108947,3909.794895,,8,50.35,1,899
984,Apparel,169.7656001,144.1334594,45.02093686,1244.480069,273.2797339,,138.3214876,46.27528209,1827.055646,,12,53.28,0,509
985,Automotive,17.3010063,72.4905629,20.57642044,434.1144369,669.6670572,,348.5106863,41.88511867,886.790698,,12,50.85,1,837
986,Automotive,181.3347785,429.6423488,17.01294059,1016.908925,434.9372854,,437.330117,12.15772331,4317.868089,,3,37.59,0,601
987,Food,97.68071828,491.5366381,1.529743098,2822.192892,616.2414157,,452.1934883,71.54430363,1682.532316,,2,73.31,1,360
988,Pharmaceutical,131.0682806,406.9142933,41.50100264,1527.669257,152.078025,,321.1550757,10.91071494,3362.50594,,2,37.57,0,317
989,Automotive,135.2772452,434.2032148,40.24805432,2145.234433,66.06715993,,610.4681744,76.13250561,2918.929688,,14,74.15,0,737
990,Apparel,180.0723707,158.8897086,6.118271387,1946.647714,914.086206,,712.3229514,44.24513741,2464.430285,,5,47.32,0,140
991,Apparel,130.9672396,482.282139,29.26601168,4391.934132,306.1485083,,757.1035114,33.93541455,2579.933469,,10,50.92,0,159
992,Automotive,126.6473811,138.616567,23.73510321,4535.965095,828.6931526,,663.5653638,74.69529044,3714.741988,,12,55.56,1,510
993,Pharmaceutical,22.66388771,478.1434147,6.81674568,2515.489161,999.3827854,,695.4061381,11.70736952,621.3099878,,7,31.9,1,505
994,Apparel,108.4975242,497.6686823,49.04784313,1717.764157,250.8596951,,485.3817104,50.69974264,3407.267177,,8,51.39,0,175
995,Food,38.53211016,370.2752626,11.52009849,623.3234496,301.9122041,,678.1217585,48.42527671,4499.898087,,10,61.55,0,392
996,Apparel,150.1124161,491.5146793,4.294474824,4771.674109,679.7167983,,312.4527364,25.35242808,477.3833457,,8,49.61,1,11
997,Electronics,107.322165,306.2929008,30.1475216,395.11203,967.1762029,,378.9351335,40.02212019,875.1360283,,13,37.19,1,73
998,Electronics,139.243278,166.7938024,37.20446718,1558.48636,920.0236308,,321.8391097,55.65848042,3639.833296,,12,38.07,1,343
999,Pharmaceutical,17.91785111,246.6481485,2.589728856,1560.524386,527.7317441,,427.1711348,60.89918378,2298.951912,,8,68.98,1,252
1000,Automotive,26.11048305,317.1024209,33.2771643,1669.966302,805.3547684,,299.9057314,10.05018011,2137.03338,,10,23.28,0,248
1001,Apparel,191.5135904,256.8491917,36.91700525,4112.459426,733.4187478,,215.3116273,32.710676,2174.772472,,3,35.24,1,270
1002,Automotive,159.5116434,295.9597139,33.27440639,1752.919983,76.71543096,,400.8818803,33.39507361,4749.117459,,9,51.59,0,516
1003,Automotive,69.92731019,244.767201,46.6461908,4154.8661,406.5552785,,301.0803864,11.80196868,806.5766813,,6,33.43,0,17
1004,Apparel,198.5100228,323.488455,28.00683813,4164.857307,637.37077,,725.45698,35.02593299,2860.014664,,6,41.47,1,946
1005,Pharmaceutical,171.770742,182.8856649,22.47075205,3576.005227,792.3889843,,629.752456,29.41987144,2882.436181,,6,36.19,1,324
1006,Automotive,49.61699773,111.4704066,42.11983935,616.4667492,718.1133663,,332.4004915,54.99614351,3593.749613,,3,41.92,1,661
1007,Automotive,125.2758588,183.4410116,48.04664462,4919.479312,230.622328,,671.1690526,42.50451749,1713.040339,,3,51.69,1,242
1008,Apparel,31.51522871,94.27804237,36.19822759,358.5497635,866.6630781,,391.3126625,32.15281488,300.3656592,,2,35,1,744
1009,Electronics,175.2803088,86.97725036,28.68918031,1339.004779,780.9704505,,149.048087,43.40024632,1303.60818,,4,44.19,1,747
1010,Electronics,73.68747591,221.8728378,18.49443785,2439.016951,239.2587015,,447.7203996,59.68495352,2920.669304,,8,69.43,0,979
1011,Pharmaceutical,112.1051646,339.7569141,16.76182949,1124.390931,567.3275584,,221.7745941,25.06883321,2367.867178,,7,44.07,1,646
1012,Pharmaceutical,150.1252371,409.4213862,22.00639903,4220.452681,344.793058,,353.0781314,57.32651239,2891.333511,,12,63.73,0,475
1013,Food,117.3198153,428.8993488,2.764922096,2075.718005,921.764914,,113.9810528,73.67106865,854.5813041,,11,66.37,0,353
1014,Pharmaceutical,86.14498157,493.1013828,22.3940953,618.7841592,348.0179685,,602.6477128,47.26521644,1718.601955,,7,60.8,1,243
1015,Apparel,61.4414879,146.0801148,47.37636914,990.7164494,175.6552793,,265.7043331,15.8040207,353.5734087,,9,42.97,1,616
1016,Pharmaceutical,161.9724986,209.9718547,9.89908442,1403.049408,886.8504025,,553.6212226,49.61220236,582.0231074,,12,53.08,0,270
1017,Food,112.9105008,266.4378004,49.25806174,3331.57931,265.6296125,,571.3938102,55.44077754,4344.758962,,2,51.36,1,451
1018,Apparel,109.8811346,321.56945,27.680351,1191.112788,472.6098112,,791.6097734,19.01281062,1818.569769,,7,40.62,0,164
1019,Electronics,104.309587,442.7286127,35.4812892,347.8082087,50.8962445,,476.3067966,63.98701518,3712.185309,,14,68.85,1,300
1020,Food,142.2948674,207.2778674,14.53963631,4943.26287,410.7505346,,264.9777742,68.52830309,675.0493924,,2,74.78,1,854
1021,Electronics,128.9193615,101.6459923,20.77644912,3135.01085,683.3513693,,212.6022054,20.54276671,3584.303764,,1,34.29,0,562
1022,Pharmaceutical,175.318786,294.5921978,20.48300655,4267.815187,367.7204008,,670.2375392,24.3631,4376.944114,,9,44.2,1,551
1023,Pharmaceutical,186.2729338,363.1546032,22.26702766,955.7712109,365.8053576,,734.1381699,52.93812926,427.5950535,,6,65.73,1,595
1024,Food,112.5972221,426.6685064,10.09668854,4978.287612,825.822481,,468.9053372,43.32396915,1583.130252,,14,49.68,1,734
1025,Apparel,188.0734126,472.2371683,27.24213693,3198.741657,944.2676731,,661.8881837,74.55563227,916.4864608,,10,56.22,0,592
1026,Apparel,61.91931013,100.6611757,36.8876514,1336.328443,105.5350879,,205.9873108,73.85781928,3720.328877,,6,71.57,1,417
1027,Electronics,62.10088845,319.2608679,18.35929503,3240.731088,890.1262566,,790.153918,17.70124048,803.8512145,,6,33.2,0,959
1028,Apparel,50.48989376,456.3027478,13.02226339,1857.245752,716.042708,,487.8694963,13.22484188,4025.348019,,3,31.87,0,563
1029,Electronics,35.21599327,176.307447,43.9901722,488.4733947,225.0863271,,372.6042761,15.45957065,3527.405803,,2,36.33,0,353
